ImageName,Predicted1,Predicted2,Predicted3,Actual1,Actual2,Actual3
6943_x_1089_y_8031_z_125_top_2024_04_18_23_30_02_white.jpg,0.23289663,0.23708613,0.24384397,0.2112209,0.22590259,0.21636209
6943_x_1089_y_14666_z_125_top_2024_04_29_23_30_29_white.jpg,0.35009462,0.32151616,0.32113394,0.33928978,0.30684233,0.3108447
6943_x_125_y_14666_z_125_top_2024_04_23_23_03_48_white.jpg,0.24330191,0.24004294,0.21458885,0.21444613,0.23739544,0.22669756
6943_x_725_y_14968_z_125_top_2024_04_30_23_49_19_white.jpg,0.5199874,0.5262141,0.50885713,0.5046314,0.5012684,0.47883707
6943_x_2090_y_14515_z_125_top_2024_05_26_00_57_19_white.jpg,0.6402234,0.63568854,0.7109805,0.64316535,0.6296763,0.72533
6943_x_375_y_13761_z_125_top_2024_06_07_23_28_15_white.jpg,0.59253734,0.5680752,0.62068677,0.6135751,0.57551855,0.63107836
6943_x_1747_y_13460_z_125_top_2024_06_04_00_12_04_white.jpg,0.35419297,0.3730437,0.36083165,0.33854347,0.35988054,0.35337517
6943_x_2300_y_14063_z_125_top_2024_05_22_02_14_16_white.jpg,0.48956722,0.46907258,0.31370604,0.49915823,0.5003256,0.2868223
6943_x_1404_y_14365_z_125_top_2024_05_19_01_12_39_white.jpg,0.34499878,0.36284053,0.34389547,0.3726544,0.39591303,0.35935327
6943_x_2090_y_14365_z_125_top_2024_05_23_01_14_18_white.jpg,0.48934203,0.48875403,0.48845375,0.49291426,0.49143347,0.49892431
6943_x_1061_y_14214_z_125_top_2024_05_22_01_47_20_white.jpg,0.48782182,0.51005733,0.52488774,0.47491267,0.4808752,0.49686873
6943_x_1766_y_11198_z_125_top_2024_05_02_02_01_56_white.jpg,0.3317148,0.3211842,0.3366646,0.32274154,0.33169127,0.3523674
6943_x_125_y_9539_z_125_top_2024_03_23_00_01_39_white.jpg,0.26579452,0.31912616,0.3448321,0.27832332,0.31651092,0.33442783
6943_x_1089_y_14214_z_125_top_2024_04_24_00_08_31_white.jpg,0.28640223,0.2668856,0.28411996,0.24338804,0.25168464,0.26420268
6943_x_2090_y_13158_z_125_top_2024_06_08_00_37_48_white.jpg,0.48229384,0.46730512,0.48492295,0.50389135,0.48844662,0.5205098
6943_x_718_y_13611_z_125_top_2024_06_07_23_50_25_white.jpg,0.5311305,0.545663,0.5897026,0.72455585,0.67597485,0.6509551
6943_x_1061_y_13158_z_125_top_2024_06_04_00_48_01_white.jpg,0.34904093,0.35841027,0.3415763,0.33740687,0.35055467,0.3437292
6943_x_1089_y_8483_z_125_top_2024_03_23_01_13_48_white.jpg,0.11026338,0.07384227,0.10728307,0.22264247,0.22069345,0.19126844
6943_x_1404_y_6523_z_125_top_2024_05_04_04_18_45_white.jpg,0.31668973,0.32484335,0.34829715,0.30927515,0.34443098,0.38806722
6943_x_718_y_14063_z_125_top_2024_05_23_01_50_21_white.jpg,0.44025093,0.46901786,0.4954419,0.5435237,0.5075176,0.5546939
6943_x_0_y_14214_z_125_top_2024_05_01_01_06_30_white.jpg,0.12665972,0.23646389,0.36771244,0.0,0.19858219,0.41549382
6943_x_1747_y_10595_z_125_top_2024_05_03_01_21_21_white.jpg,0.44222736,0.4189785,0.43326026,0.4596692,0.42912135,0.45438617
6943_x_1061_y_13460_z_125_top_2024_06_04_00_08_15_white.jpg,0.33319193,0.3237754,0.33904278,0.33188063,0.32845083,0.3537071
6943_x_125_y_11198_z_125_top_2024_04_30_00_12_31_white.jpg,0.21973918,0.22704671,0.24282582,0.19184287,0.22500587,0.2679637
6943_x_2113_y_6372_z_125_top_2024_04_30_23_14_03_white.jpg,0.2961434,0.29610467,0.2870892,0.13539451,0.13220605,0.12332761
6943_x_725_y_14515_z_125_top_2024_05_01_00_31_00_white.jpg,0.5248102,0.46445918,0.48757938,0.47932535,0.41825414,0.40900216
6943_x_1419_y_10595_z_125_top_2024_05_02_03_08_16_white.jpg,0.36966175,0.41074187,0.4282028,0.29440707,0.33571815,0.3294244
6943_x_2300_y_14214_z_125_top_2024_05_01_01_19_20_white.jpg,0.38604218,0.3442933,0.30674618,0.3768157,0.34687012,0.2972762
6943_x_1747_y_13158_z_125_top_2024_06_08_00_36_09_white.jpg,0.5173705,0.5401579,0.50615567,0.5136127,0.53272635,0.4913161
6943_x_2300_y_9690_z_125_top_2024_06_08_01_39_56_white.jpg,0.4618218,0.46019882,0.50423217,0.44981605,0.45008042,0.51768744
6943_x_2300_y_15269_z_125_top_2024_05_24_23_56_17_white.jpg,0.5452023,0.5649869,0.4536495,0.5498312,0.56875324,0.4359342
6943_x_2090_y_14515_z_125_top_2024_05_27_00_54_59_white.jpg,0.633332,0.64214784,0.70298636,0.692636,0.6635459,0.76456845
6943_x_1089_y_11198_z_125_top_2024_04_30_00_15_09_white.jpg,0.30570436,0.30107513,0.31668526,0.28655532,0.28029945,0.27265227
6943_x_2300_y_11047_z_125_top_2024_05_04_00_53_28_white.jpg,0.47129261,0.45119578,0.40383843,0.47249803,0.4482146,0.38807055
6943_x_1072_y_11198_z_125_top_2024_05_01_01_54_25_white.jpg,0.3093464,0.30950618,0.3082908,0.3006715,0.31518683,0.30399287
6943_x_1404_y_15269_z_125_top_2024_05_18_23_51_34_white.jpg,0.4105211,0.40648738,0.4116584,0.4180373,0.40594256,0.4251305
6943_x_1404_y_14214_z_125_top_2024_05_23_01_32_08_white.jpg,0.451775,0.46102917,0.48577535,0.4752216,0.45971486,0.48433545
6943_x_1089_y_9087_z_125_top_2024_03_23_00_34_17_white.jpg,0.28053194,0.2851836,0.3030713,0.25911942,0.25213987,0.27000928
6943_x_1404_y_13309_z_125_top_2024_06_04_00_29_54_white.jpg,0.3822922,0.37710935,0.39140412,0.38965422,0.39568356,0.40497565
6943_x_375_y_14365_z_125_top_2024_05_24_01_04_17_white.jpg,0.5793723,0.5631056,0.6024786,0.5584453,0.5678521,0.64269674
6943_x_2090_y_7126_z_125_top_2024_05_04_02_56_26_white.jpg,0.25612706,0.31039715,0.32466283,0.24974677,0.33792114,0.33816844
6943_x_1061_y_9841_z_125_top_2024_06_04_01_28_32_white.jpg,0.36307454,0.37098545,0.3712758,0.3435833,0.3608697,0.36611822
6943_x_1072_y_14365_z_125_top_2024_05_02_00_57_19_white.jpg,0.4608038,0.4687,0.44623947,0.45742905,0.44813994,0.4029338
6943_x_375_y_14365_z_125_top_2024_05_18_01_42_55_white.jpg,0.3327526,0.3439448,0.3151155,0.38038847,0.38498494,0.3573976
6943_x_2090_y_15269_z_125_top_2024_05_18_00_01_51_white.jpg,0.39591444,0.37807274,0.35608557,0.3847336,0.365536,0.38285586
6943_x_2053_y_8333_z_125_top_2024_04_23_00_28_56_white.jpg,0.3499034,0.34991157,0.35723862,0.31170464,0.3191892,0.30323502
6943_x_1404_y_14365_z_125_top_2024_05_25_01_09_08_white.jpg,0.63245946,0.6346867,0.66007483,0.60735524,0.6285193,0.6131473
6943_x_125_y_11198_z_125_top_2024_04_30_00_12_35_white.jpg,0.2424282,0.25195843,0.2667955,0.1997752,0.23753877,0.27655104
6943_x_2300_y_13309_z_125_top_2024_06_04_00_35_18_white.jpg,0.38745517,0.3822219,0.37777558,0.40579367,0.40036803,0.3926466
6943_x_378_y_14968_z_125_top_2024_04_30_23_47_50_white.jpg,0.3916208,0.42958814,0.41880587,0.3586281,0.3956067,0.4051331
6943_x_2053_y_15119_z_125_top_2024_04_29_23_16_47_white.jpg,0.3083701,0.2858793,0.27556688,0.27830365,0.24318233,0.21802036
6943_x_725_y_10595_z_125_top_2024_05_02_03_03_59_white.jpg,0.36287266,0.35016006,0.35153896,0.33234775,0.31532198,0.3146187
6943_x_2090_y_15269_z_125_top_2024_05_18_00_01_58_white.jpg,0.40436572,0.38473618,0.35799316,0.3859281,0.36523598,0.38212177
6943_x_1419_y_7126_z_125_top_2024_05_01_04_59_01_white.jpg,0.1564663,0.18702963,0.19850177,0.16893625,0.18953516,0.19332737
6943_x_1404_y_13761_z_125_top_2024_06_08_23_34_09_white.jpg,0.51333225,0.46762365,0.5117612,0.5155494,0.45732918,0.50003415
6943_x_2300_y_14515_z_125_top_2024_05_22_01_14_56_white.jpg,0.35621405,0.36814868,0.25947213,0.36903375,0.39491385,0.22584243
6943_x_1089_y_11047_z_125_top_2024_04_30_00_23_10_white.jpg,0.31308877,0.30216223,0.2994157,0.23603123,0.26389226,0.2738427
6943_x_718_y_6976_z_125_top_2024_05_03_02_55_40_white.jpg,0.3362739,0.33415765,0.33171916,0.3786927,0.3696531,0.40143743
6943_x_1061_y_7126_z_125_top_2024_05_08_01_58_25_white.jpg,0.6228553,0.5512498,0.55083966,0.68194073,0.584012,0.5524289
6943_x_1747_y_9841_z_125_top_2024_06_04_01_31_59_white.jpg,0.314793,0.32513052,0.31086463,0.3456474,0.32530916,0.3606447
6943_x_1089_y_6222_z_125_top_2024_03_22_23_05_44_white.jpg,0.40865368,0.45211214,0.39662406,0.4311394,0.4727093,0.38417846
6943_x_125_y_8333_z_125_top_2024_04_18_23_19_36_white.jpg,0.25226295,0.27701876,0.27697748,0.23355125,0.25936636,0.23548466
6943_x_125_y_9539_z_125_top_2024_03_23_00_01_31_white.jpg,0.2904984,0.35431078,0.36702338,0.2746618,0.30693367,0.33297563
6943_x_1747_y_9991_z_125_top_2024_06_09_01_17_05_white.jpg,0.57928926,0.5632239,0.60711443,0.63215816,0.5729788,0.57243
6943_x_2053_y_8031_z_125_top_2024_04_23_00_36_57_white.jpg,0.29721236,0.3154879,0.34286448,0.27532125,0.32064435,0.3330573
6943_x_2300_y_13158_z_125_top_2024_06_09_01_00_24_white.jpg,0.4093634,0.3896677,0.3832727,0.56229395,0.5035676,0.44881758
6943_x_2090_y_14515_z_125_top_2024_05_22_01_13_11_white.jpg,0.3845446,0.40867645,0.3963542,0.4520896,0.46683216,0.44539446
6943_x_1747_y_14063_z_125_top_2024_05_22_02_10_38_white.jpg,0.4711674,0.45487544,0.4790616,0.47892767,0.44729966,0.48354828
6943_x_125_y_9539_z_125_top_2024_04_23_00_08_00_white.jpg,0.41135132,0.45625186,0.46111804,0.41673437,0.45796522,0.45339772
6943_x_2300_y_14515_z_125_top_2024_05_25_00_54_37_white.jpg,0.51894563,0.49007964,0.39300475,0.5308961,0.5049945,0.39036343
6943_x_1404_y_11047_z_125_top_2024_05_06_00_57_24_white.jpg,0.451523,0.49512523,0.50014096,0.43541136,0.5037729,0.47393388
6943_x_2300_y_14214_z_125_top_2024_05_19_01_38_07_white.jpg,0.40564,0.4077933,0.39761364,0.39405388,0.38233602,0.4161399
6943_x_1404_y_14515_z_125_top_2024_05_23_00_50_06_white.jpg,0.46400988,0.44385538,0.5118017,0.47844273,0.45762512,0.50697136
6943_x_1061_y_13460_z_125_top_2024_06_11_00_09_46_white.jpg,0.49975175,0.45874298,0.5213612,0.74051446,0.717701,0.78606296
6943_x_1061_y_13309_z_125_top_2024_06_07_23_11_48_white.jpg,0.5494454,0.4992602,0.49908367,0.55957556,0.49439391,0.48220894
6943_x_1747_y_14515_z_125_top_2024_05_23_00_51_43_white.jpg,0.47460794,0.51472914,0.45130283,0.4990331,0.54951036,0.44433808
6943_x_125_y_7729_z_125_top_2024_04_23_00_47_39_white.jpg,0.37946868,0.37730858,0.34707794,0.2914971,0.2851588,0.24213932
6943_x_1061_y_6825_z_125_top_2024_05_07_23_08_56_white.jpg,0.5286272,0.47867328,0.4889038,0.5649102,0.48762044,0.47444668
6943_x_1089_y_7729_z_125_top_2024_04_24_00_58_22_white.jpg,0.32022476,0.351151,0.3530344,0.28184038,0.34162647,0.35151562
6943_x_1419_y_7126_z_125_top_2024_05_01_04_58_56_white.jpg,0.15457717,0.1749038,0.18873541,0.16713725,0.1894286,0.19321969
6943_x_2090_y_9841_z_125_top_2024_06_08_01_18_14_white.jpg,0.49456978,0.49151736,0.49462,0.49020144,0.48240724,0.47405568
6943_x_718_y_9841_z_125_top_2024_06_04_01_26_34_white.jpg,0.3831507,0.3743502,0.37105656,0.375567,0.3656604,0.3406488
6943_x_2300_y_11198_z_125_top_2024_05_06_00_41_44_white.jpg,0.47663975,0.46100152,0.41255036,0.51096445,0.47195444,0.37558964
6943_x_375_y_10896_z_125_top_2024_05_06_01_11_53_white.jpg,0.6255394,0.6450231,0.6850427,0.6101412,0.6495649,0.6974697
6943_x_2090_y_10595_z_125_top_2024_05_04_01_54_51_white.jpg,0.5126659,0.520558,0.51279664,0.5300989,0.5351677,0.5165698
6943_x_1766_y_10896_z_125_top_2024_05_01_23_12_46_white.jpg,0.3689074,0.3685265,0.3628538,0.3565521,0.34165543,0.34267467
6943_x_2300_y_9991_z_125_top_2024_06_04_01_15_22_white.jpg,0.31585574,0.32356715,0.32758832,0.34995908,0.36446217,0.35642177
6943_x_2300_y_10896_z_125_top_2024_05_01_23_16_28_white.jpg,0.3125013,0.22084929,0.2727131,0.293699,0.19051209,0.2714492
6943_x_1089_y_7880_z_125_top_2024_04_24_00_50_09_white.jpg,0.3950851,0.3958392,0.38337108,0.37931836,0.36538747,0.35592273
6943_x_2113_y_6372_z_125_top_2024_04_30_23_14_13_white.jpg,0.3016069,0.30497283,0.29463467,0.13480859,0.13188635,0.1224205
6943_x_1747_y_6825_z_125_top_2024_05_03_03_21_13_white.jpg,0.26279134,0.27630815,0.2673288,0.21270801,0.27480328,0.31346542
6943_x_2090_y_9991_z_125_top_2024_06_09_01_19_01_white.jpg,0.46228707,0.5020598,0.5388051,0.4905345,0.5070104,0.5824632
6943_x_1747_y_11349_z_125_top_2024_05_06_00_17_51_white.jpg,0.6028356,0.5547484,0.61643875,0.6023492,0.5619709,0.61289895
6943_x_1089_y_14968_z_125_top_2024_04_22_23_38_12_white.jpg,0.219375,0.22342609,0.21056272,0.21703602,0.22307616,0.22792326
6943_x_2300_y_9991_z_125_top_2024_06_04_01_15_27_white.jpg,0.34530705,0.3668516,0.36324438,0.3504481,0.36540902,0.35730252
6943_x_2300_y_9388_z_125_top_2024_06_13_02_19_15_white.jpg,0.63705456,0.57512426,0.58581144,0.6446346,0.5653843,0.55796885
6943_x_1747_y_9388_z_125_top_2024_06_11_02_17_23_white.jpg,0.5658241,0.5192627,0.5898604,0.6019359,0.4892212,0.5985815
6943_x_375_y_6825_z_125_top_2024_05_04_03_34_30_white.jpg,0.43271124,0.47101963,0.47600636,0.47119212,0.48792455,0.44321412
6943_x_2300_y_14515_z_125_top_2024_05_23_00_55_32_white.jpg,0.4150619,0.4153871,0.3052986,0.43001065,0.43520492,0.2862486
6943_x_1404_y_9690_z_125_top_2024_06_09_01_55_32_white.jpg,0.42039585,0.45774728,0.5160537,0.43157795,0.46949857,0.51453537
6943_x_2300_y_11047_z_125_top_2024_05_06_01_02_40_white.jpg,0.4670877,0.4198497,0.3473357,0.4265411,0.36687198,0.30630353
6943_x_125_y_14666_z_125_top_2024_03_22_23_20_50_white.jpg,0.32020354,0.35012457,0.37613115,0.32436082,0.3560215,0.3771087
6943_x_2300_y_13460_z_125_top_2024_06_08_00_19_36_white.jpg,0.4457091,0.48032385,0.34837672,0.38083667,0.46002305,0.22734141
6943_x_1089_y_9539_z_125_top_2024_03_23_00_04_36_white.jpg,0.21673536,0.23834501,0.2568449,0.21648537,0.22765815,0.25896126
6943_x_1747_y_13761_z_125_top_2024_06_03_23_32_44_white.jpg,0.33388054,0.3473493,0.3446633,0.33649382,0.35339224,0.34319228
6943_x_1404_y_14365_z_125_top_2024_05_18_01_48_14_white.jpg,0.35736674,0.3723045,0.35012472,0.3501711,0.37314716,0.323652
6943_x_718_y_6372_z_125_top_2024_05_03_03_53_44_white.jpg,0.5076691,0.5307611,0.5203319,0.38359216,0.39062074,0.37841532
6943_x_375_y_14063_z_125_top_2024_05_23_01_47_58_white.jpg,0.57067746,0.5874646,0.6177921,0.57364756,0.5863735,0.62179816
6943_x_1061_y_15269_z_125_top_2024_05_17_23_55_08_white.jpg,0.35680187,0.35632852,0.36894596,0.35182974,0.34534553,0.37441146
6943_x_1747_y_9388_z_125_top_2024_06_13_02_15_33_white.jpg,0.6507992,0.5930007,0.72044086,0.69603497,0.57964015,0.726565
6943_x_718_y_6523_z_125_top_2024_05_08_03_03_46_white.jpg,0.49932563,0.47004735,0.49435067,0.49554276,0.4553393,0.48643485
6943_x_375_y_7126_z_125_top_2024_05_04_02_47_12_white.jpg,0.46823466,0.48491317,0.4804615,0.44539633,0.45511878,0.44108057
6943_x_718_y_7126_z_125_top_2024_05_03_02_35_56_white.jpg,0.35432953,0.372322,0.36846676,0.35635418,0.38857183,0.3479644
6943_x_1747_y_14063_z_125_top_2024_05_27_01_53_02_white.jpg,0.7204506,0.7363491,0.72844285,0.7816202,0.8091775,0.76014984
6943_x_1089_y_14365_z_125_top_2024_04_24_00_00_05_white.jpg,0.19100149,0.17616548,0.18452436,0.1891386,0.215641,0.22823109
6943_x_2090_y_9991_z_125_top_2024_06_04_01_13_40_white.jpg,0.36003786,0.3810567,0.37751326,0.3527406,0.3684393,0.37198234
6943_x_1061_y_6523_z_125_top_2024_05_08_03_05_30_white.jpg,0.43985724,0.43917567,0.45598823,0.459009,0.43344563,0.47120547
6943_x_375_y_15269_z_125_top_2024_05_18_23_46_06_white.jpg,0.34294814,0.34177208,0.32169586,0.35041544,0.3541256,0.32895023
6943_x_2090_y_9991_z_125_top_2024_06_08_00_58_09_white.jpg,0.45265448,0.44493628,0.49434343,0.44534358,0.4757678,0.5421829
6943_x_2300_y_15269_z_125_top_2024_05_21_23_55_56_white.jpg,0.45991403,0.45559186,0.31126958,0.32103685,0.4456893,0.21965118
6943_x_375_y_9690_z_125_top_2024_06_09_01_49_57_white.jpg,0.5528187,0.6189923,0.6353293,0.56966704,0.62697244,0.64330906
6943_x_1747_y_9841_z_125_top_2024_06_04_01_32_04_white.jpg,0.30930594,0.31729457,0.30825892,0.34701642,0.32646987,0.36198774
6943_x_1089_y_7126_z_125_top_2024_04_30_01_20_03_white.jpg,0.17065762,0.1842158,0.15888104,0.1644935,0.14999785,0.15379897
6943_x_375_y_9690_z_125_top_2024_06_08_01_29_20_white.jpg,0.50867313,0.5327279,0.55730027,0.50028294,0.5442975,0.54468036
6943_x_2300_y_9539_z_125_top_2024_06_09_02_20_54_white.jpg,0.49750334,0.48531258,0.44577852,0.5267931,0.48959768,0.4384227
6943_x_2090_y_15269_z_125_top_2024_05_23_23_54_00_white.jpg,0.5617383,0.57783216,0.5773712,0.5767071,0.58146214,0.58241016
6943_x_2053_y_7880_z_125_top_2024_04_19_23_57_09_white.jpg,0.22554497,0.2343748,0.27010322,0.16895519,0.21822348,0.21967605
6943_x_1747_y_15269_z_125_top_2024_05_25_23_35_26_white.jpg,0.7075582,0.70947206,0.7513898,0.7312153,0.7038756,0.73970944
6943_x_2300_y_10896_z_125_top_2024_05_04_01_15_56_white.jpg,0.46212953,0.39133364,0.41042832,0.4258512,0.3364901,0.3719118
6943_x_2300_y_6372_z_125_top_2024_05_06_04_51_34_white.jpg,0.27517965,0.273515,0.25157988,0.2528216,0.2665011,0.26268217
6943_x_375_y_15269_z_125_top_2024_05_21_23_45_16_white.jpg,0.39569032,0.40641624,0.38060656,0.4761302,0.47936246,0.46871102
6943_x_2300_y_15269_z_125_top_2024_05_23_23_55_45_white.jpg,0.5162711,0.5181918,0.38403034,0.5056243,0.52651095,0.36797774
6943_x_2113_y_14968_z_125_top_2024_04_30_23_56_30_white.jpg,0.39228272,0.365134,0.349396,0.4018975,0.37614068,0.32421082
6943_x_375_y_14214_z_125_top_2024_05_18_02_02_32_white.jpg,0.3268298,0.32965332,0.3348517,0.31715998,0.3243909,0.36186668
6943_x_1747_y_9991_z_125_top_2024_06_08_00_56_24_white.jpg,0.5298182,0.50319576,0.5332866,0.52126247,0.49764588,0.50670254
6943_x_1747_y_14365_z_125_top_2024_05_18_01_50_15_white.jpg,0.35251474,0.38483,0.38414088,0.28766516,0.35772136,0.3496754
6943_x_125_y_10595_z_125_top_2024_04_30_00_45_14_white.jpg,0.2261482,0.25803444,0.23685192,0.2267904,0.24976867,0.23280157
6943_x_1404_y_15269_z_125_top_2024_05_19_23_40_19_white.jpg,0.446575,0.45624977,0.47456992,0.4430136,0.4525337,0.4988259
6943_x_125_y_7126_z_125_top_2024_04_30_01_17_39_white.jpg,0.11986578,0.13236222,0.119171545,0.08980926,0.13115376,0.10025985
6943_x_718_y_14365_z_125_top_2024_05_24_01_06_07_white.jpg,0.49916428,0.55696136,0.58989954,0.51424426,0.5883793,0.6052157
6943_x_2300_y_13158_z_125_top_2024_06_09_01_00_18_white.jpg,0.4299692,0.4136892,0.4194937,0.56217104,0.5031361,0.4482116
6943_x_2113_y_11047_z_125_top_2024_05_01_02_20_08_white.jpg,0.24801609,0.23954056,0.2685891,0.26127452,0.28356403,0.29759443
6943_x_2090_y_14365_z_125_top_2024_05_18_01_51_59_white.jpg,0.3802824,0.37427348,0.3448803,0.38258404,0.38892755,0.35797906
6943_x_1089_y_6372_z_125_top_2024_03_23_01_23_30_white.jpg,0.41214764,0.42688078,0.46067008,0.37649935,0.3854335,0.44085628
6943_x_1061_y_9388_z_125_top_2024_06_11_02_13_34_white.jpg,0.60281205,0.5143811,0.5307855,0.60256904,0.50302505,0.5045575
6943_x_2113_y_10595_z_125_top_2024_05_02_03_12_27_white.jpg,0.39964002,0.38010532,0.38222504,0.30267137,0.32035846,0.3416584
6943_x_1061_y_9388_z_125_top_2024_06_13_02_11_41_white.jpg,0.61811954,0.5827626,0.59641767,0.6952218,0.6005283,0.56337744
6943_x_2300_y_9841_z_125_top_2024_06_08_01_19_55_white.jpg,0.4341553,0.3987549,0.41450697,0.41981217,0.36627936,0.41858017
6943_x_1404_y_15269_z_125_top_2024_05_18_23_51_29_white.jpg,0.40376008,0.3920993,0.39949352,0.41812047,0.4055278,0.42210984
6943_x_1061_y_14214_z_125_top_2024_05_24_01_27_57_white.jpg,0.537556,0.5295243,0.54765946,0.58317727,0.5577743,0.55841225
6943_x_1072_y_14968_z_125_top_2024_04_30_23_51_11_white.jpg,0.45103163,0.45063502,0.47154742,0.45479646,0.4376025,0.47183374
6943_x_2090_y_9388_z_125_top_2024_06_04_02_14_05_white.jpg,0.29141802,0.31406173,0.30012214,0.33144695,0.352334,0.3583218
6943_x_2300_y_11198_z_125_top_2024_05_01_02_01_43_white.jpg,0.3564245,0.34077388,0.30097482,0.27725765,0.28434005,0.25389802
6943_x_2090_y_9539_z_125_top_2024_06_04_01_53_59_white.jpg,0.34972453,0.3389037,0.3710235,0.37776443,0.34076464,0.3755421
6943_x_2090_y_9539_z_125_top_2024_06_09_02_19_10_white.jpg,0.46993572,0.46101266,0.47628114,0.55121803,0.51138073,0.58148926
6943_x_1061_y_10896_z_125_top_2024_05_04_01_08_38_white.jpg,0.509967,0.51624095,0.54643095,0.51208025,0.51660544,0.5153233
6943_x_1747_y_6523_z_125_top_2024_05_05_02_57_57_white.jpg,0.32950908,0.32788044,0.36574426,0.3394012,0.33224043,0.39244908
6943_x_125_y_9087_z_125_top_2024_03_23_00_31_25_white.jpg,0.2648862,0.2812429,0.2890303,0.27209827,0.30546474,0.28071198
6943_x_2300_y_9690_z_125_top_2024_06_03_23_16_00_white.jpg,0.35183924,0.3567861,0.34025824,0.3373549,0.35430047,0.33799875
6943_x_2300_y_11198_z_125_top_2024_05_06_00_41_49_white.jpg,0.49381077,0.47176087,0.42622527,0.51093215,0.4722225,0.37684914
6943_x_1089_y_14968_z_125_top_2024_03_22_23_14_14_white.jpg,0.18327159,0.1950865,0.20386052,0.21650764,0.2198476,0.21477102
6943_x_1419_y_6372_z_125_top_2024_04_30_23_10_40_white.jpg,0.21061923,0.18841152,0.1691662,0.1711864,0.14857794,0.12909111
6943_x_1061_y_13460_z_125_top_2024_06_11_00_09_57_white.jpg,0.49407977,0.460702,0.5258857,0.7427787,0.71732605,0.78637785
6943_x_2090_y_9841_z_125_top_2024_06_04_01_33_57_white.jpg,0.35259038,0.34200943,0.3596783,0.34493744,0.3619662,0.3462285
6943_x_2090_y_14515_z_125_top_2024_05_18_23_14_41_white.jpg,0.3478592,0.38725036,0.3814284,0.35968226,0.37083685,0.38185182
6943_x_1419_y_14666_z_125_top_2024_05_01_00_13_25_white.jpg,0.37763232,0.4256836,0.4335425,0.32062766,0.37162253,0.3704076
6943_x_718_y_14365_z_125_top_2024_05_22_01_25_45_white.jpg,0.43861663,0.49587464,0.51621616,0.42315102,0.4897165,0.50023395
6943_x_1766_y_11047_z_125_top_2024_05_01_02_18_08_white.jpg,0.31006375,0.32406384,0.33053187,0.2947394,0.29989916,0.30843303
6943_x_375_y_10896_z_125_top_2024_05_04_01_05_11_white.jpg,0.54164416,0.54823697,0.5867651,0.5165546,0.49700537,0.5693641
6943_x_2053_y_12404_z_125_top_2024_03_22_23_48_10_white.jpg,0.45130873,0.4699086,0.48598874,0.41898155,0.41618446,0.40534547
6943_x_2053_y_8031_z_125_top_2024_04_18_23_32_22_white.jpg,0.182862,0.20020549,0.21510245,0.1860723,0.2176342,0.24103059
6943_x_2090_y_14515_z_125_top_2024_05_24_00_53_34_white.jpg,0.517675,0.5332627,0.5774014,0.5281284,0.5200839,0.5781144
6943_x_375_y_6825_z_125_top_2024_05_07_23_05_06_white.jpg,0.51720655,0.5310766,0.56564,0.5132655,0.5248426,0.55312806
6943_x_375_y_13158_z_125_top_2024_06_04_00_44_24_white.jpg,0.33980542,0.35743585,0.3502107,0.3480914,0.34683374,0.335156
6943_x_1404_y_14063_z_125_top_2024_05_19_01_52_59_white.jpg,0.36517382,0.37522048,0.3696715,0.3793633,0.3814378,0.37870458
6943_x_1766_y_11198_z_125_top_2024_05_01_01_58_09_white.jpg,0.32244802,0.32363513,0.3575354,0.30809066,0.31094977,0.33725575
6943_x_2300_y_14365_z_125_top_2024_05_19_01_18_21_white.jpg,0.34159464,0.34900895,0.28469518,0.3593388,0.35843205,0.2656768
6943_x_2300_y_14365_z_125_top_2024_05_19_01_18_11_white.jpg,0.36076045,0.37104,0.30594715,0.3535285,0.3503523,0.25850415
6943_x_2090_y_6372_z_125_top_2024_05_06_04_49_54_white.jpg,0.25739798,0.2910165,0.26926088,0.27918997,0.32676432,0.2923025
6943_x_375_y_15269_z_125_top_2024_05_17_23_50_38_white.jpg,0.34970343,0.36088628,0.33453202,0.3265289,0.34119612,0.27921113
6943_x_2090_y_11349_z_125_top_2024_05_07_00_50_29_white.jpg,0.65855396,0.63332534,0.6700264,0.66067123,0.6234249,0.6642826
6943_x_2300_y_6523_z_125_top_2024_05_08_03_12_45_white.jpg,0.2741611,0.26456526,0.2640994,0.28742975,0.2717084,0.28146315
6943_x_125_y_6372_z_125_top_2024_03_23_01_20_38_white.jpg,0.42185092,0.4529909,0.48984897,0.38263345,0.39985082,0.46668068
6943_x_1061_y_10896_z_125_top_2024_05_03_00_42_36_white.jpg,0.46942383,0.4404323,0.4529017,0.45053566,0.44354385,0.42857775
6943_x_2090_y_10595_z_125_top_2024_05_03_01_22_56_white.jpg,0.45909172,0.47448474,0.47135505,0.44167578,0.44258103,0.45642948
6943_x_725_y_11198_z_125_top_2024_05_02_01_56_12_white.jpg,0.34926307,0.36354238,0.37865344,0.33329535,0.34235388,0.36276156
6943_x_375_y_6523_z_125_top_2024_05_08_03_02_07_white.jpg,0.45153606,0.44410545,0.46622816,0.47466463,0.43318164,0.4982166
6943_x_1747_y_14214_z_125_top_2024_05_20_01_41_07_white.jpg,0.4620142,0.46800578,0.4523861,0.42544237,0.46046826,0.43231055
6943_x_2300_y_14365_z_125_top_2024_05_02_01_04_37_white.jpg,0.4317271,0.40714008,0.33263785,0.4175854,0.44227877,0.3233349
6943_x_2090_y_6976_z_125_top_2024_05_04_03_16_15_white.jpg,0.21809115,0.19619782,0.19879925,0.41238445,0.3668419,0.3254328
6943_x_2113_y_10595_z_125_top_2024_05_02_03_12_14_white.jpg,0.38672203,0.36764234,0.37019664,0.30319938,0.32218271,0.34338054
6943_x_1747_y_14063_z_125_top_2024_05_23_01_56_36_white.jpg,0.4952172,0.47817922,0.5151474,0.48879787,0.45345083,0.5077742
6943_x_725_y_11349_z_125_top_2024_05_01_01_32_51_white.jpg,0.3272614,0.33176243,0.3439444,0.30740672,0.35004598,0.35046443
6943_x_725_y_11349_z_125_top_2024_05_01_01_32_56_white.jpg,0.3324746,0.3417599,0.34909007,0.30724445,0.3503794,0.35098094
6943_x_125_y_9388_z_125_top_2024_04_19_23_36_07_white.jpg,0.30880854,0.33342364,0.3537167,0.27581695,0.3029933,0.32910323
6943_x_1747_y_15269_z_125_top_2024_05_17_23_59_41_white.jpg,0.3716306,0.39532205,0.35888234,0.37190288,0.39838114,0.35318282
6943_x_2090_y_14365_z_125_top_2024_05_25_01_12_37_white.jpg,0.62234974,0.58695537,0.6093844,0.61981314,0.59452236,0.5969507
6943_x_2300_y_11047_z_125_top_2024_05_05_01_24_45_white.jpg,0.40697902,0.39760202,0.33748278,0.41850665,0.39442706,0.34005582
6943_x_718_y_13309_z_125_top_2024_06_04_00_26_20_white.jpg,0.39222854,0.40270817,0.4111639,0.37365472,0.36583602,0.36683783
6943_x_2300_y_7126_z_125_top_2024_05_03_02_44_54_white.jpg,0.26980066,0.2682553,0.22652154,0.30081034,0.27659857,0.21846297
6943_x_2300_y_14666_z_125_top_2024_05_01_00_20_07_white.jpg,0.36044782,0.31024703,0.28867257,0.30796555,0.23232517,0.21956986
6943_x_718_y_14063_z_125_top_2024_05_23_01_50_15_white.jpg,0.44630337,0.47855717,0.503135,0.54386866,0.5079802,0.5549483
6943_x_2113_y_14365_z_125_top_2024_05_02_01_02_44_white.jpg,0.52432823,0.5332545,0.52877945,0.5084284,0.5248809,0.48689714
6943_x_718_y_9539_z_125_top_2024_06_04_01_46_28_white.jpg,0.3705207,0.3686975,0.3699465,0.3508792,0.35533085,0.36342287
6943_x_2053_y_7729_z_125_top_2024_04_18_23_48_07_white.jpg,0.27984113,0.27083552,0.30164728,0.21974066,0.212822,0.24105471
6943_x_1061_y_9388_z_125_top_2024_06_04_02_08_24_white.jpg,0.337641,0.33595335,0.32987493,0.34354058,0.33431718,0.3309598
6943_x_2113_y_11047_z_125_top_2024_05_02_02_26_44_white.jpg,0.32878637,0.35227162,0.35712296,0.28395241,0.30153292,0.31914538
6943_x_1061_y_14515_z_125_top_2024_05_18_23_09_06_white.jpg,0.38629425,0.4136811,0.38879544,0.36266539,0.39540285,0.38528645
6943_x_1404_y_13460_z_125_top_2024_06_04_00_10_01_white.jpg,0.32676524,0.3429809,0.33296135,0.3134721,0.34084782,0.31868792
6943_x_375_y_6825_z_125_top_2024_05_03_03_14_09_white.jpg,0.2311386,0.24960656,0.2552472,0.39593124,0.4021882,0.3981513
6943_x_1061_y_11047_z_125_top_2024_05_04_00_46_18_white.jpg,0.50187844,0.45647073,0.49303168,0.53572726,0.44334927,0.4962063
6943_x_718_y_10896_z_125_top_2024_05_03_00_40_48_white.jpg,0.4796527,0.4708544,0.5032436,0.47855747,0.47973973,0.4640347
6943_x_2090_y_11349_z_125_top_2024_05_05_00_31_09_white.jpg,0.6247149,0.58720934,0.6177591,0.6109061,0.5603683,0.596937
6943_x_125_y_8634_z_125_top_2024_03_23_01_01_09_white.jpg,0.28227413,0.30379456,0.32299337,0.2899669,0.28493565,0.30137473
6943_x_2090_y_13611_z_125_top_2024_06_10_23_55_11_white.jpg,0.70491797,0.69275564,0.74266195,0.75891745,0.7424345,0.80819243
6943_x_1404_y_13309_z_125_top_2024_06_04_00_30_05_white.jpg,0.4079634,0.39822394,0.40052468,0.38967946,0.3954686,0.40476623
6943_x_718_y_14515_z_125_top_2024_05_18_01_25_15_white.jpg,0.34285027,0.33819854,0.33908412,0.37059513,0.37105927,0.37774658
6943_x_375_y_6523_z_125_top_2024_05_08_03_01_57_white.jpg,0.45203847,0.4492724,0.4702123,0.47444147,0.43351248,0.49859717
6943_x_2300_y_14515_z_125_top_2024_05_18_01_34_13_white.jpg,0.24988492,0.2764244,0.17627636,0.2768154,0.3476614,0.24147654
6943_x_2090_y_6523_z_125_top_2024_05_08_03_11_01_white.jpg,0.32094145,0.3231214,0.32164276,0.31270683,0.32776317,0.33068722
6943_x_1747_y_6825_z_125_top_2024_05_06_03_39_02_white.jpg,0.27840275,0.31951708,0.34155014,0.27305478,0.30163467,0.34480602
6943_x_718_y_14063_z_125_top_2024_05_18_02_24_25_white.jpg,0.3770784,0.38291693,0.40263584,0.36875936,0.35562047,0.36758527
6943_x_2053_y_14968_z_125_top_2024_04_22_23_40_47_white.jpg,0.184235,0.19864492,0.1935706,0.18704773,0.03876981,0.0
6943_x_1061_y_11198_z_125_top_2024_05_04_00_26_40_white.jpg,0.50530285,0.49635535,0.499985,0.50131816,0.49537307,0.4688547
6943_x_125_y_14968_z_125_top_2024_04_22_23_35_51_white.jpg,0.09432908,0.064300746,0.049796045,0.10550945,0.10243982,0.04743921
6943_x_2090_y_6523_z_125_top_2024_05_06_04_29_54_white.jpg,0.2744537,0.29381943,0.2830131,0.28402334,0.3009726,0.27719602
6943_x_2300_y_14063_z_125_top_2024_05_23_02_00_33_white.jpg,0.5382187,0.52888423,0.3686593,0.5306088,0.5549089,0.33498332
6943_x_1404_y_14365_z_125_top_2024_05_18_01_48_29_white.jpg,0.39185578,0.40936947,0.3809988,0.3800736,0.39732996,0.35564312
6943_x_1089_y_7126_z_125_top_2024_04_30_01_20_13_white.jpg,0.17687511,0.19448741,0.17387192,0.18667346,0.18330306,0.18787391
6943_x_1747_y_9991_z_125_top_2024_06_08_00_56_19_white.jpg,0.5287622,0.49136698,0.523889,0.52022463,0.49715576,0.5059859
6943_x_1404_y_14515_z_125_top_2024_05_18_23_11_07_white.jpg,0.37830895,0.37773645,0.397104,0.38082328,0.3803131,0.40473875
6943_x_2090_y_13611_z_125_top_2024_06_07_23_57_43_white.jpg,0.541049,0.4963534,0.5416995,0.548669,0.4886861,0.55581564
6943_x_375_y_11198_z_125_top_2024_05_04_00_23_01_white.jpg,0.48964232,0.48350233,0.5048622,0.52118075,0.5028305,0.51436865
6943_x_125_y_8031_z_125_top_2024_04_24_00_39_24_white.jpg,0.37311924,0.41971788,0.42108133,0.36228517,0.40591842,0.39963397
6943_x_125_y_7880_z_125_top_2024_04_24_00_47_39_white.jpg,0.4294554,0.3977236,0.38177544,0.4239211,0.40595555,0.3609488
6943_x_2090_y_13460_z_125_top_2024_06_04_00_13_44_white.jpg,0.34436852,0.36289716,0.3398888,0.31939563,0.33321032,0.35920253
6943_x_2053_y_14365_z_125_top_2024_04_29_23_49_14_white.jpg,0.4577512,0.4470336,0.44213608,0.3685982,0.35285234,0.35383633
6943_x_1747_y_14515_z_125_top_2024_05_18_23_13_04_white.jpg,0.43358034,0.41671592,0.37580916,0.42308456,0.39408395,0.36248085
6943_x_2113_y_14365_z_125_top_2024_05_02_01_02_39_white.jpg,0.51529837,0.5273335,0.52185166,0.50840205,0.5261586,0.48680505
6943_x_718_y_13158_z_125_top_2024_06_04_00_46_16_white.jpg,0.36899686,0.38609844,0.37977424,0.35743174,0.36821577,0.3584896
6943_x_1419_y_11047_z_125_top_2024_05_02_02_22_48_white.jpg,0.2745092,0.30216354,0.3266532,0.26407793,0.29044294,0.32071975
6943_x_718_y_13611_z_125_top_2024_06_03_23_47_14_white.jpg,0.33238387,0.32181945,0.30862066,0.34498274,0.34216562,0.31954786
6943_x_2053_y_14666_z_125_top_2024_04_22_23_48_29_white.jpg,0.27286297,0.30462655,0.2750435,0.1367925,0.12326746,0.07378826
6943_x_2090_y_13611_z_125_top_2024_06_03_23_54_13_white.jpg,0.30789047,0.30561236,0.30410835,0.32040116,0.32867956,0.35310856
6943_x_1404_y_14214_z_125_top_2024_05_22_01_49_16_white.jpg,0.45737547,0.444363,0.45265332,0.46339938,0.4462726,0.45429966
6943_x_2053_y_7729_z_125_top_2024_04_24_01_00_53_white.jpg,0.33829743,0.3563459,0.37019014,0.3053504,0.29924786,0.3541794
6943_x_1747_y_6523_z_125_top_2024_05_08_03_09_09_white.jpg,0.40113354,0.4180829,0.39627603,0.3961893,0.43341333,0.46313465
6943_x_375_y_14063_z_125_top_2024_05_18_02_22_35_white.jpg,0.3979798,0.39295566,0.38582736,0.36645612,0.34790906,0.33487007
6943_x_2300_y_14515_z_125_top_2024_05_01_00_39_58_white.jpg,0.33167988,0.26258022,0.24026653,0.3024393,0.21454898,0.19328468
6943_x_718_y_14214_z_125_top_2024_05_19_01_29_01_white.jpg,0.35373002,0.34773356,0.3742426,0.35332912,0.33578685,0.38338757
6943_x_1061_y_14214_z_125_top_2024_05_25_01_27_10_white.jpg,0.6433964,0.6309852,0.6504207,0.64246655,0.62036157,0.62287533
6943_x_2053_y_8483_z_125_top_2024_03_23_01_16_46_white.jpg,0.17544392,0.17416592,0.19019881,0.21486236,0.31518534,0.3226628
6943_x_1747_y_9841_z_125_top_2024_06_10_23_12_42_white.jpg,0.56985307,0.5904382,0.6230932,0.59537226,0.6683032,0.7235923
6943_x_1404_y_14063_z_125_top_2024_05_26_01_53_24_white.jpg,0.5592182,0.6156757,0.59440297,0.5521541,0.6115785,0.5900985
6943_x_718_y_14063_z_125_top_2024_05_23_01_50_09_white.jpg,0.4477656,0.47716254,0.50907326,0.54366744,0.50798655,0.5550121
6943_x_1089_y_9388_z_125_top_2024_04_19_23_38_33_white.jpg,0.28586048,0.2802138,0.28493768,0.27158585,0.28929484,0.2892154
6943_x_1747_y_15269_z_125_top_2024_05_18_23_53_33_white.jpg,0.42181265,0.4290399,0.40248957,0.43229124,0.41199827,0.40930665
6943_x_718_y_11198_z_125_top_2024_05_04_00_24_48_white.jpg,0.5257173,0.554155,0.5840652,0.53573805,0.53073204,0.553196
6943_x_2300_y_11349_z_125_top_2024_05_01_01_41_48_white.jpg,0.33032805,0.30976897,0.31631023,0.30208877,0.2910508,0.31410554
6943_x_2090_y_6976_z_125_top_2024_05_04_03_16_20_white.jpg,0.23508154,0.20929919,0.21614933,0.412452,0.36681703,0.3254688
6943_x_1404_y_9690_z_125_top_2024_06_03_23_10_37_white.jpg,0.3456545,0.3526611,0.34400287,0.34169257,0.35416752,0.36228368
6943_x_375_y_14365_z_125_top_2024_05_22_01_23_59_white.jpg,0.46266812,0.4930179,0.4898019,0.46910608,0.5044791,0.52082056
6943_x_2090_y_14365_z_125_top_2024_05_19_01_16_29_white.jpg,0.3843081,0.4003942,0.38112426,0.37271753,0.38276413,0.36298397
6943_x_1747_y_14515_z_125_top_2024_05_24_00_51_45_white.jpg,0.53070533,0.56733346,0.5323032,0.5634851,0.5937032,0.51312405
6943_x_2300_y_10595_z_125_top_2024_05_04_01_56_46_white.jpg,0.49593812,0.47565556,0.43206853,0.45072615,0.4338604,0.38950717
6943_x_125_y_8333_z_125_top_2024_04_24_00_31_16_white.jpg,0.44001013,0.501428,0.5007408,0.42478517,0.4690879,0.4619301
6943_x_2090_y_13761_z_125_top_2024_06_07_23_37_31_white.jpg,0.50621724,0.5205302,0.524367,0.52103597,0.5549037,0.530963
6943_x_718_y_10595_z_125_top_2024_05_03_01_15_58_white.jpg,0.40396017,0.4102662,0.3999297,0.4328274,0.42291078,0.42668256
6943_x_1404_y_6523_z_125_top_2024_05_04_04_18_52_white.jpg,0.31887317,0.3241755,0.35430655,0.31006938,0.34511903,0.3892766
6943_x_2300_y_6674_z_125_top_2024_05_06_04_09_30_white.jpg,0.12736379,0.11897865,0.114889786,0.11380234,0.10772693,0.115900256
6943_x_375_y_9991_z_125_top_2024_06_09_01_09_46_white.jpg,0.56522715,0.6022887,0.61476296,0.51937133,0.58398414,0.57407045
6943_x_725_y_10896_z_125_top_2024_05_01_23_07_12_white.jpg,0.41360915,0.39940235,0.42095134,0.36741596,0.33461237,0.3340502
6943_x_1089_y_9237_z_125_top_2024_03_23_00_24_05_white.jpg,0.20627932,0.22186385,0.24323557,0.20390753,0.20384182,0.2232269
6943_x_2300_y_10745_z_125_top_2024_05_06_23_18_30_white.jpg,0.5663913,0.5687034,0.5225453,0.57636,0.5672231,0.42153394
6943_x_1089_y_15119_z_125_top_2024_04_29_23_14_18_white.jpg,0.38848114,0.39356244,0.40624818,0.34142298,0.35318765,0.38453865
6943_x_725_y_14968_z_125_top_2024_04_30_23_49_29_white.jpg,0.5055913,0.4989946,0.47846112,0.50299317,0.5009424,0.4790049
6943_x_2053_y_6674_z_125_top_2024_04_30_01_50_25_white.jpg,0.20422958,0.22140099,0.21870558,0.10558223,0.1264975,0.117575616
6943_x_1747_y_9539_z_125_top_2024_06_09_02_17_13_white.jpg,0.4993328,0.4717663,0.50660264,0.51722705,0.4933476,0.50647604
6943_x_1404_y_14063_z_125_top_2024_05_25_01_48_48_white.jpg,0.51510364,0.5677352,0.5705893,0.51760316,0.56742734,0.5454779
6943_x_375_y_15269_z_125_top_2024_05_17_23_50_43_white.jpg,0.36985594,0.38520485,0.36035684,0.3288886,0.3466262,0.28290716
6943_x_2300_y_11198_z_125_top_2024_05_01_02_01_48_white.jpg,0.35292846,0.33511543,0.29459214,0.27678275,0.27924046,0.2566064
6943_x_2300_y_11047_z_125_top_2024_05_05_01_24_53_white.jpg,0.42738152,0.4212869,0.35994077,0.4184985,0.39426443,0.33988723
6943_x_1404_y_6523_z_125_top_2024_05_05_02_56_09_white.jpg,0.34450436,0.38189167,0.4160512,0.3233475,0.36885515,0.418106
6943_x_125_y_7729_z_125_top_2024_04_20_00_00_04_white.jpg,0.24264729,0.21813141,0.23038428,0.23644786,0.21500495,0.15799777
6943_x_1089_y_8333_z_125_top_2024_04_19_23_05_56_white.jpg,0.2207847,0.21585263,0.24572064,0.21281011,0.21231887,0.26500508
6943_x_375_y_14515_z_125_top_2024_05_24_00_44_18_white.jpg,0.6646339,0.6488693,0.6756861,0.702683,0.66361123,0.67781246
6943_x_1404_y_6372_z_125_top_2024_05_06_04_46_09_white.jpg,0.35787803,0.35328087,0.34233817,0.34716386,0.33986163,0.31047413
6943_x_2300_y_15269_z_125_top_2024_05_26_23_56_44_white.jpg,0.56280684,0.55911386,0.54519755,0.6566194,0.5899541,0.46535063
6943_x_718_y_11198_z_125_top_2024_05_04_00_24_53_white.jpg,0.5157853,0.53688097,0.5702723,0.53639007,0.5310083,0.55373776
6943_x_718_y_13611_z_125_top_2024_06_07_23_50_30_white.jpg,0.51363623,0.5336691,0.56365806,0.7248848,0.6760569,0.6504869
6943_x_375_y_14365_z_125_top_2024_05_23_01_04_40_white.jpg,0.5111669,0.5153918,0.5361452,0.5313261,0.5437784,0.564618
6943_x_2300_y_13309_z_125_top_2024_06_07_23_19_01_white.jpg,0.48355836,0.47316676,0.48651174,0.47602883,0.4525864,0.47371334
6943_x_375_y_6372_z_125_top_2024_05_06_04_40_49_white.jpg,0.4227888,0.4375034,0.4443901,0.35224786,0.3360813,0.3808196
6943_x_375_y_14365_z_125_top_2024_05_20_01_14_16_white.jpg,0.40594065,0.41538197,0.4246964,0.40254357,0.42400354,0.44208866
6943_x_1089_y_10595_z_125_top_2024_04_30_00_47_41_white.jpg,0.26115745,0.25087458,0.2614172,0.25356087,0.2647641,0.25218368
6943_x_2300_y_9991_z_125_top_2024_06_09_01_20_35_white.jpg,0.58283454,0.56572574,0.5234595,0.5945249,0.5658273,0.50328386
6943_x_1766_y_10745_z_125_top_2024_05_01_03_03_08_white.jpg,0.32039934,0.304362,0.32194558,0.30677995,0.28916007,0.32829043
6943_x_1404_y_15269_z_125_top_2024_05_17_23_57_37_white.jpg,0.40102488,0.39580756,0.38420615,0.42396566,0.3984684,0.38733238
6943_x_375_y_6523_z_125_top_2024_05_04_04_11_51_white.jpg,0.31698698,0.32756424,0.33786386,0.34709737,0.33586407,0.3604609
6943_x_1747_y_6523_z_125_top_2024_05_06_04_28_11_white.jpg,0.37576818,0.407409,0.4102208,0.33174658,0.34574208,0.39882043
6943_x_2300_y_10896_z_125_top_2024_05_03_00_49_33_white.jpg,0.37367725,0.29392838,0.31820995,0.41211972,0.3082351,0.36373255
6943_x_1747_y_14214_z_125_top_2024_05_24_01_31_31_white.jpg,0.5169763,0.5590656,0.5696996,0.5536338,0.62544894,0.61706394
6943_x_1072_y_14666_z_125_top_2024_05_02_00_19_29_white.jpg,0.3818035,0.4217264,0.4222876,0.38220382,0.43070796,0.42061347
6943_x_1747_y_10595_z_125_top_2024_05_04_01_53_04_white.jpg,0.5297078,0.50395006,0.5528357,0.521463,0.48037988,0.5235579
6943_x_2053_y_14214_z_125_top_2024_04_24_00_11_04_white.jpg,0.2293861,0.2061875,0.22395931,0.19217445,0.18132582,0.20565754
6943_x_2090_y_14063_z_125_top_2024_05_23_01_58_28_white.jpg,0.44673294,0.47491038,0.47256413,0.43797863,0.4962063,0.4714795
6943_x_375_y_6372_z_125_top_2024_05_05_03_10_32_white.jpg,0.3985092,0.38207576,0.40177846,0.391272,0.35167193,0.3848639
6943_x_2300_y_15269_z_125_top_2024_05_18_00_03_45_white.jpg,0.3304801,0.33362395,0.16016681,0.3683691,0.3840292,0.23141026
6943_x_2300_y_14515_z_125_top_2024_05_22_01_15_00_white.jpg,0.36823428,0.37484735,0.2646901,0.37059328,0.39653647,0.23160222
6943_x_2090_y_15269_z_125_top_2024_05_18_23_55_05_white.jpg,0.36353803,0.34162706,0.35202935,0.35628477,0.33511364,0.38400024
6943_x_2113_y_11047_z_125_top_2024_05_02_02_26_49_white.jpg,0.31985915,0.3389646,0.35380143,0.2842298,0.30161387,0.31927273
6943_x_2053_y_9388_z_125_top_2024_04_19_23_41_11_white.jpg,0.37004352,0.35293803,0.34489778,0.31637686,0.3078181,0.3003737
6943_x_1747_y_15269_z_125_top_2024_05_22_23_52_06_white.jpg,0.5294001,0.51556057,0.527177,0.5411752,0.5192462,0.5335083
6943_x_375_y_10595_z_125_top_2024_05_03_01_14_05_white.jpg,0.40855563,0.4421079,0.4503097,0.4088685,0.42434478,0.4459856
6943_x_1089_y_8333_z_125_top_2024_04_18_23_22_02_white.jpg,0.21836592,0.2271993,0.25954005,0.19424117,0.19449887,0.25111097
6943_x_718_y_13309_z_125_top_2024_06_04_00_26_25_white.jpg,0.3896649,0.39979905,0.41461357,0.3728037,0.365673,0.36594445
6943_x_2300_y_15269_z_125_top_2024_05_25_23_39_11_white.jpg,0.5686343,0.55799145,0.46926606,0.61300325,0.58306885,0.46908233
6943_x_2053_y_9388_z_125_top_2024_04_23_00_20_54_white.jpg,0.35064322,0.32615668,0.30617544,0.36771226,0.34329104,0.33933362
6943_x_718_y_9991_z_125_top_2024_06_09_01_11_47_white.jpg,0.5356941,0.556859,0.5459074,0.5291569,0.54184353,0.5281584
6943_x_1061_y_15269_z_125_top_2024_05_18_23_49_40_white.jpg,0.31850433,0.32358736,0.37023783,0.27396894,0.27564058,0.384451
6943_x_2300_y_14063_z_125_top_2024_05_23_02_00_38_white.jpg,0.53252995,0.5300356,0.37443262,0.5305181,0.5546828,0.3345734
6943_x_718_y_6372_z_125_top_2024_05_03_03_53_49_white.jpg,0.49784642,0.5090929,0.50032985,0.3829019,0.3904748,0.37824118
6943_x_1747_y_11349_z_125_top_2024_05_05_00_29_06_white.jpg,0.52496606,0.53693277,0.56757164,0.6387549,0.55789685,0.592704
6943_x_718_y_6825_z_125_top_2024_05_04_03_36_16_white.jpg,0.45242906,0.44192824,0.45637694,0.44556862,0.41164777,0.40514016
6943_x_2090_y_13611_z_125_top_2024_06_07_23_57_48_white.jpg,0.55161244,0.50824416,0.5543999,0.54896384,0.48877522,0.5558023
6943_x_718_y_10896_z_125_top_2024_05_04_01_06_59_white.jpg,0.53043973,0.54114586,0.5622356,0.55343366,0.5490106,0.5377086
6943_x_1404_y_6825_z_125_top_2024_05_03_03_19_37_white.jpg,0.30602962,0.319189,0.31882134,0.3037593,0.33099952,0.3010543
6943_x_375_y_6523_z_125_top_2024_05_04_04_11_57_white.jpg,0.3251536,0.3380732,0.35158086,0.34671083,0.3352941,0.36004505
6943_x_2090_y_10595_z_125_top_2024_05_04_01_55_01_white.jpg,0.52572393,0.5368379,0.5260262,0.53012455,0.53464156,0.51660395
6943_x_2053_y_9388_z_125_top_2024_04_19_23_41_06_white.jpg,0.3508684,0.33701697,0.33337727,0.3164812,0.30761018,0.30100048
6943_x_2300_y_15269_z_125_top_2024_05_22_23_55_40_white.jpg,0.46215314,0.44009906,0.25088087,0.47117355,0.4706593,0.1429147
6943_x_1404_y_13761_z_125_top_2024_06_10_23_31_01_white.jpg,0.56961125,0.55023944,0.5728392,0.6312247,0.64283746,0.6852387
6943_x_2300_y_13761_z_125_top_2024_06_08_23_39_43_white.jpg,0.57514364,0.57654876,0.4925009,0.61996907,0.6123019,0.5302627
6943_x_1089_y_9539_z_125_top_2024_04_19_23_30_27_white.jpg,0.306727,0.29892918,0.30697066,0.29162335,0.2828266,0.29281822
6943_x_1089_y_9388_z_125_top_2024_04_24_00_25_18_white.jpg,0.4295056,0.41712806,0.44108343,0.37226194,0.35415378,0.35675892
6943_x_2090_y_15269_z_125_top_2024_05_22_23_54_02_white.jpg,0.5130564,0.48744148,0.4873889,0.5157782,0.48241207,0.51562446
6943_x_2300_y_6825_z_125_top_2024_05_06_03_42_33_white.jpg,0.10727824,0.10707702,0.12505682,0.08009128,0.13622476,0.1483158
6943_x_1404_y_9539_z_125_top_2024_06_04_01_50_25_white.jpg,0.34285116,0.34084564,0.35252002,0.36083445,0.36606735,0.36428654
6943_x_2300_y_13158_z_125_top_2024_06_08_00_39_46_white.jpg,0.5043563,0.46670777,0.42643753,0.50680876,0.45400482,0.415675
6943_x_1419_y_14666_z_125_top_2024_05_01_00_13_19_white.jpg,0.39090532,0.42834094,0.43344215,0.32244152,0.3736217,0.37267077
6943_x_1061_y_14515_z_125_top_2024_05_22_01_07_51_white.jpg,0.46649045,0.46363425,0.48517224,0.4458393,0.44694135,0.464963
6943_x_2090_y_14515_z_125_top_2024_05_18_23_14_36_white.jpg,0.3360932,0.36549532,0.36392292,0.362189,0.37084353,0.382085
6943_x_1747_y_6674_z_125_top_2024_05_08_02_41_29_white.jpg,0.38760233,0.42170572,0.3761534,0.40041038,0.45386037,0.35073474
6943_x_1404_y_14063_z_125_top_2024_05_18_02_28_02_white.jpg,0.40570647,0.399311,0.36604527,0.3630211,0.36317,0.29636016
6943_x_1089_y_14515_z_125_top_2024_03_22_23_33_30_white.jpg,0.28897405,0.25688,0.25201353,0.28774574,0.23363107,0.2413217
6943_x_125_y_14365_z_125_top_2024_04_22_23_03_44_white.jpg,0.17411813,0.18005802,0.19389561,0.19228882,0.20699798,0.20364577
6943_x_2300_y_14365_z_125_top_2024_05_24_01_15_02_white.jpg,0.47009206,0.50961506,0.5066224,0.4972014,0.54255944,0.56028366
6943_x_1747_y_11047_z_125_top_2024_05_06_00_59_08_white.jpg,0.5015301,0.50892127,0.52349955,0.47380763,0.47804245,0.48928654
6943_x_2090_y_13611_z_125_top_2024_06_08_23_58_01_white.jpg,0.5973528,0.5729426,0.6271874,0.59832567,0.54965705,0.61633503
6943_x_1747_y_6523_z_125_top_2024_05_06_04_28_06_white.jpg,0.36759686,0.3991323,0.40430468,0.326973,0.3404795,0.39614028
6943_x_1404_y_6372_z_125_top_2024_05_03_03_57_35_white.jpg,0.36105835,0.33676988,0.350041,0.3333488,0.31871763,0.33216134
6943_x_2300_y_11047_z_125_top_2024_05_04_00_53_22_white.jpg,0.4710614,0.45326963,0.39682263,0.47388712,0.44834417,0.38806537
6943_x_375_y_14515_z_125_top_2024_05_20_00_54_35_white.jpg,0.37038618,0.40559882,0.40713695,0.41295516,0.43834883,0.44703937
6943_x_375_y_13158_z_125_top_2024_06_04_00_44_34_white.jpg,0.33796906,0.34058547,0.33459213,0.3245658,0.34123027,0.33047372
6943_x_1089_y_14515_z_125_top_2024_04_22_23_54_07_white.jpg,0.25969437,0.2563004,0.24452582,0.24280769,0.23375139,0.23760746
6943_x_1404_y_6825_z_125_top_2024_05_06_03_37_23_white.jpg,0.3913321,0.3970694,0.3909973,0.38165948,0.40440902,0.3709397
6943_x_1089_y_7880_z_125_top_2024_04_19_23_54_41_white.jpg,0.26299673,0.258725,0.25456035,0.24982993,0.25998235,0.24659395
6943_x_1747_y_9539_z_125_top_2024_06_09_02_17_18_white.jpg,0.4911006,0.4738899,0.50024974,0.51714647,0.49343038,0.5059139
6943_x_2300_y_9841_z_125_top_2024_06_13_01_18_29_white.jpg,0.6559761,0.59832704,0.59452903,0.6885865,0.61013156,0.58244765
6943_x_2090_y_6976_z_125_top_2024_05_03_03_02_50_white.jpg,0.34497958,0.3288394,0.2830991,0.38789344,0.33914423,0.3034578
6943_x_1061_y_9539_z_125_top_2024_06_04_01_48_27_white.jpg,0.33816636,0.34052545,0.33981255,0.3315019,0.35335955,0.34431142
6943_x_375_y_14214_z_125_top_2024_05_23_01_25_35_white.jpg,0.5087706,0.5425206,0.5557651,0.51675284,0.5422397,0.57983357
6943_x_125_y_6222_z_125_top_2024_03_22_23_02_30_white.jpg,0.43364972,0.4662757,0.5155968,0.44764352,0.48875332,0.5486549
6943_x_1061_y_11047_z_125_top_2024_05_04_00_46_23_white.jpg,0.5308092,0.49055493,0.52786696,0.53562444,0.4431989,0.4958803
6943_x_1061_y_15269_z_125_top_2024_05_22_23_48_39_white.jpg,0.4826318,0.4949392,0.5098795,0.45700613,0.45723152,0.48342758
6943_x_1061_y_14063_z_125_top_2024_05_18_02_26_05_white.jpg,0.30946857,0.3191143,0.3283234,0.32727042,0.33267227,0.3325386
6943_x_1747_y_14515_z_125_top_2024_05_18_01_30_40_white.jpg,0.37786913,0.3737375,0.31984243,0.38348633,0.38345107,0.33555922
6943_x_375_y_6372_z_125_top_2024_05_06_04_40_54_white.jpg,0.41071963,0.4316411,0.44196823,0.34928402,0.33384526,0.3723024
6943_x_2090_y_15269_z_125_top_2024_05_21_23_54_02_white.jpg,0.4826786,0.4742852,0.47327864,0.49571136,0.45167187,0.49622265
6943_x_1072_y_7126_z_125_top_2024_05_01_04_56_16_white.jpg,0.17682378,0.1779644,0.17352392,0.15859632,0.19016083,0.17888407
6943_x_125_y_8031_z_125_top_2024_04_18_23_27_26_white.jpg,0.2413112,0.24687384,0.2530534,0.1817209,0.18349391,0.20376718
6943_x_1404_y_14365_z_125_top_2024_05_19_01_12_49_white.jpg,0.37790954,0.39584768,0.37154764,0.37087175,0.39633337,0.35864928
6943_x_1061_y_9388_z_125_top_2024_06_11_23_11_40_white.jpg,0.6269242,0.5299779,0.5352727,0.6514812,0.5336773,0.5182719
6943_x_1747_y_9841_z_125_top_2024_06_04_01_32_08_white.jpg,0.29770416,0.30114028,0.29844758,0.34700716,0.32767478,0.36229667
6943_x_2090_y_6825_z_125_top_2024_05_04_03_43_37_white.jpg,0.28559774,0.29285872,0.27863696,0.29395926,0.29776746,0.29295152
6943_x_125_y_8483_z_125_top_2024_03_23_01_10_42_white.jpg,0.2855287,0.32216945,0.31717885,0.27743626,0.30952355,0.28097412
6943_x_2300_y_11198_z_125_top_2024_05_02_02_05_44_white.jpg,0.38862425,0.38790464,0.3375684,0.29495624,0.30603397,0.27324897
6943_x_718_y_14063_z_125_top_2024_05_19_01_49_15_white.jpg,0.37757134,0.36437768,0.3995719,0.37919322,0.344027,0.40592843
6943_x_2300_y_6372_z_125_top_2024_05_04_04_52_32_white.jpg,0.2258246,0.23697005,0.20798357,0.23363665,0.2589661,0.18744801
6943_x_1061_y_13761_z_125_top_2024_06_08_23_32_17_white.jpg,0.625553,0.6188178,0.5866853,0.6350243,0.5919874,0.521023
6943_x_1089_y_14214_z_125_top_2024_04_24_00_08_48_white.jpg,0.30026186,0.27731812,0.29591793,0.23113437,0.24679892,0.26029983
6943_x_2300_y_13611_z_125_top_2024_06_03_23_55_45_white.jpg,0.2795174,0.22259028,0.11667575,0.30508378,0.19750537,0.0056729065
6943_x_2300_y_6825_z_125_top_2024_05_03_03_25_02_white.jpg,0.13957906,0.13605268,0.1242073,0.09492855,0.12120259,0.09000569
6943_x_2090_y_6825_z_125_top_2024_05_06_03_40_53_white.jpg,0.28407708,0.27241892,0.26361302,0.27245957,0.23910496,0.25551695
6943_x_1404_y_15269_z_125_top_2024_05_21_23_50_36_white.jpg,0.47716743,0.49855757,0.5196767,0.48226094,0.4939777,0.5390442
6943_x_1747_y_6372_z_125_top_2024_05_05_03_17_41_white.jpg,0.27461678,0.29097396,0.2651225,0.30352613,0.30793843,0.27291813
6943_x_1061_y_14063_z_125_top_2024_05_19_01_51_23_white.jpg,0.36571956,0.38236487,0.39553085,0.3627222,0.3749016,0.397001
6943_x_1404_y_10896_z_125_top_2024_05_03_00_44_16_white.jpg,0.39289004,0.43650675,0.4510794,0.38178387,0.42656374,0.4434525
6943_x_718_y_14214_z_125_top_2024_05_24_01_25_58_white.jpg,0.53167707,0.53793854,0.58707225,0.5256473,0.50910497,0.5870723
6943_x_2300_y_14365_z_125_top_2024_05_24_01_15_12_white.jpg,0.48635465,0.52881664,0.52028596,0.49693075,0.542321,0.5599465
6943_x_2300_y_11349_z_125_top_2024_05_04_00_07_29_white.jpg,0.4488507,0.42444125,0.44270653,0.49536714,0.43390644,0.44435182
6943_x_2090_y_13158_z_125_top_2024_06_11_00_56_31_white.jpg,0.5989558,0.59558165,0.6257559,0.7879674,0.7501274,0.77718973
6943_x_2300_y_15269_z_125_top_2024_05_18_00_03_49_white.jpg,0.3260184,0.32457575,0.1481352,0.35040095,0.36557275,0.11823767
6943_x_375_y_15269_z_125_top_2024_05_18_23_46_00_white.jpg,0.3268739,0.31973135,0.30405816,0.35149556,0.3540138,0.32777134
6943_x_2300_y_11349_z_125_top_2024_05_05_00_32_48_white.jpg,0.53440315,0.48914093,0.47639287,0.5406063,0.48182315,0.45641947
6943_x_1747_y_10896_z_125_top_2024_05_04_01_12_26_white.jpg,0.48865145,0.50628054,0.5021343,0.46970055,0.50211424,0.48645267
6943_x_718_y_9388_z_125_top_2024_06_04_02_06_41_white.jpg,0.38505667,0.38793236,0.35854283,0.3746636,0.36442837,0.34299475
6943_x_375_y_14365_z_125_top_2024_05_23_01_04_29_white.jpg,0.52413595,0.5322616,0.5539572,0.5314353,0.54371345,0.56459236
6943_x_375_y_15269_z_125_top_2024_05_26_23_45_57_white.jpg,0.67650634,0.62320906,0.65123206,0.73470044,0.62763226,0.6681257
6943_x_1061_y_10745_z_125_top_2024_05_06_23_11_34_white.jpg,0.74135643,0.6656718,0.63218963,0.7825593,0.66968185,0.6357146
6943_x_2300_y_9841_z_125_top_2024_06_12_01_39_50_white.jpg,0.6399808,0.6070152,0.59472346,0.6275502,0.5707383,0.5298754
6943_x_375_y_6825_z_125_top_2024_05_03_03_14_19_white.jpg,0.2521783,0.27100182,0.2756608,0.39216763,0.40170142,0.39817286
6943_x_718_y_6523_z_125_top_2024_05_06_04_22_53_white.jpg,0.42218345,0.39770514,0.40824312,0.40545946,0.37920138,0.39350396
6943_x_718_y_10896_z_125_top_2024_05_03_00_40_37_white.jpg,0.4921959,0.49198395,0.5163724,0.47822663,0.4793944,0.46347997
6943_x_1061_y_15269_z_125_top_2024_05_25_23_31_50_white.jpg,0.63417834,0.62973946,0.67123026,0.6446706,0.6281922,0.68422765
6943_x_1747_y_10896_z_125_top_2024_05_03_00_46_01_white.jpg,0.46764565,0.4623906,0.4682047,0.45998183,0.4559947,0.44658786
6943_x_2300_y_9388_z_125_top_2024_06_13_02_19_10_white.jpg,0.6404099,0.577986,0.58979154,0.630788,0.5651898,0.55806136
6943_x_1061_y_6372_z_125_top_2024_05_03_03_55_41_white.jpg,0.3470648,0.30390018,0.3115575,0.3661026,0.2925405,0.30627346
6943_x_1089_y_14968_z_125_top_2024_04_29_23_22_18_white.jpg,0.4248715,0.42202684,0.4462181,0.37830654,0.34447852,0.3585828
6943_x_718_y_13309_z_125_top_2024_06_04_00_26_15_white.jpg,0.37793738,0.39306372,0.40744838,0.37387085,0.36621514,0.36627862
6943_x_1404_y_13611_z_125_top_2024_06_03_23_50_46_white.jpg,0.2850582,0.2953332,0.31162453,0.32501173,0.33551097,0.32183665
6943_x_1404_y_13309_z_125_top_2024_06_07_23_13_41_white.jpg,0.41093057,0.4222927,0.47755638,0.4170303,0.43307617,0.46760228
6943_x_1404_y_9841_z_125_top_2024_06_08_01_14_28_white.jpg,0.44212568,0.43215892,0.46659875,0.47489372,0.4555918,0.52136564
6943_x_2300_y_14515_z_125_top_2024_05_20_01_04_58_white.jpg,0.28024882,0.3176884,0.20808542,0.2991376,0.36545542,0.2284197
6943_x_1061_y_14063_z_125_top_2024_05_24_01_47_40_white.jpg,0.51110375,0.5234606,0.52398294,0.5113707,0.51434267,0.5233737
6943_x_2300_y_7126_z_125_top_2024_05_01_05_06_15_white.jpg,0.17184104,0.15838398,0.11022027,0.19089936,0.16469772,0.06467069
6943_x_2300_y_7126_z_125_top_2024_05_01_05_06_09_white.jpg,0.16904163,0.14705847,0.10763912,0.19139321,0.16573109,0.06456858
6943_x_1404_y_13158_z_125_top_2024_06_08_00_34_23_white.jpg,0.48975396,0.48783457,0.49562714,0.48638472,0.47878918,0.48669365
6943_x_1089_y_8333_z_125_top_2024_04_19_23_05_51_white.jpg,0.2578411,0.26838833,0.28674343,0.21323936,0.21385908,0.2658747
6943_x_1404_y_9841_z_125_top_2024_06_09_01_35_20_white.jpg,0.5345472,0.5558301,0.56889814,0.5452522,0.53608817,0.5834702
6943_x_1404_y_15269_z_125_top_2024_05_17_23_57_21_white.jpg,0.3881355,0.37063855,0.35590646,0.40412128,0.37081197,0.3571128
6943_x_1061_y_14214_z_125_top_2024_05_26_01_31_36_white.jpg,0.6705787,0.6869392,0.70738274,0.7611182,0.7958333,0.7388406
6943_x_718_y_15269_z_125_top_2024_05_18_23_47_59_white.jpg,0.34247357,0.3523372,0.33965597,0.34127113,0.34555867,0.29186395
6943_x_1089_y_9388_z_125_top_2024_04_19_23_38_43_white.jpg,0.3025979,0.29405862,0.29765198,0.27132297,0.29075372,0.289179
6943_x_1089_y_12253_z_125_top_2024_03_22_23_54_36_white.jpg,0.5151255,0.53544235,0.53782487,0.56468964,0.54970646,0.5053599
6943_x_2053_y_14666_z_125_top_2024_04_29_23_33_08_white.jpg,0.32431245,0.33241224,0.30603316,0.29795718,0.31165007,0.26674283
6943_x_718_y_6372_z_125_top_2024_05_05_03_12_12_white.jpg,0.38541085,0.39286417,0.406512,0.39005262,0.3821849,0.39418125
6943_x_125_y_7880_z_125_top_2024_04_23_00_39_54_white.jpg,0.38131487,0.33079022,0.3324378,0.36723438,0.34485206,0.3229454
6943_x_2090_y_13158_z_125_top_2024_06_09_00_58_32_white.jpg,0.48332405,0.49376643,0.5157894,0.597439,0.57030684,0.58725536
6943_x_125_y_7880_z_125_top_2024_04_19_23_52_11_white.jpg,0.28419083,0.25251412,0.2514125,0.27248815,0.24159832,0.20538498
6943_x_1404_y_14365_z_125_top_2024_05_25_01_09_03_white.jpg,0.60851806,0.6120795,0.64112914,0.6069067,0.6282145,0.61284655
6943_x_1404_y_14063_z_125_top_2024_05_24_01_49_28_white.jpg,0.4862085,0.5268733,0.49739292,0.46772927,0.52533275,0.50187105
6943_x_2300_y_10595_z_125_top_2024_05_03_01_24_44_white.jpg,0.42103976,0.39049116,0.35342827,0.42252794,0.3956431,0.3692365
6943_x_375_y_13158_z_125_top_2024_06_09_00_49_33_white.jpg,0.59199756,0.57952595,0.66260874,0.60077006,0.56184983,0.68587625
6943_x_718_y_13761_z_125_top_2024_06_03_23_27_21_white.jpg,0.36091918,0.35297486,0.35637218,0.3566854,0.34427652,0.35935885
6943_x_125_y_9388_z_125_top_2024_04_23_00_15_59_white.jpg,0.38940436,0.42437825,0.43953833,0.3771228,0.40624145,0.4346164
6943_x_718_y_15269_z_125_top_2024_05_19_23_36_47_white.jpg,0.4129703,0.41322803,0.39438093,0.39820182,0.39085242,0.34089312
6943_x_1404_y_9991_z_125_top_2024_06_04_01_09_56_white.jpg,0.3760665,0.39166903,0.36898828,0.34645352,0.35652983,0.35734522
6943_x_375_y_15269_z_125_top_2024_05_21_23_45_21_white.jpg,0.42808688,0.43366534,0.41435292,0.475874,0.4793246,0.4686037
6943_x_1089_y_12253_z_125_top_2024_03_22_23_54_39_white.jpg,0.5274876,0.53408515,0.529531,0.56220335,0.54469186,0.50067616
6943_x_1747_y_14365_z_125_top_2024_05_20_01_21_22_white.jpg,0.40455985,0.40030086,0.39967972,0.40757596,0.421404,0.40652996
6943_x_375_y_14063_z_125_top_2024_05_23_01_48_03_white.jpg,0.5668065,0.58448106,0.6164538,0.57291347,0.5857174,0.62135965
6943_x_2300_y_10745_z_125_top_2024_05_04_01_36_14_white.jpg,0.39774984,0.39895412,0.29134697,0.39701957,0.40714338,0.27495998
6943_x_1061_y_14365_z_125_top_2024_05_22_01_27_43_white.jpg,0.5304868,0.4992463,0.4926137,0.5181542,0.48092088,0.47224107
6943_x_1747_y_6825_z_125_top_2024_05_03_03_21_22_white.jpg,0.27728212,0.29156992,0.29003763,0.2065394,0.2710783,0.3096784
6943_x_125_y_12404_z_125_top_2024_03_22_23_41_51_white.jpg,0.49503672,0.5331905,0.5946154,0.5218161,0.51435196,0.59604806
6943_x_125_y_6825_z_125_top_2024_04_30_01_33_55_white.jpg,0.10259385,0.10413553,0.0959484,0.120630026,0.12962878,0.09714714
6943_x_375_y_13158_z_125_top_2024_06_04_00_44_19_white.jpg,0.31877303,0.32920027,0.3219677,0.3306631,0.34322572,0.33299792
6943_x_2053_y_8333_z_125_top_2024_04_19_23_08_14_white.jpg,0.286513,0.27137792,0.29471707,0.25757995,0.2464005,0.25047937
6943_x_375_y_14515_z_125_top_2024_05_22_01_04_20_white.jpg,0.52171767,0.50638527,0.5256109,0.5243833,0.5098739,0.5318107
6943_x_1404_y_14515_z_125_top_2024_05_27_00_51_20_white.jpg,0.61492604,0.6620621,0.68896496,0.6219185,0.6585863,0.6878078
6943_x_125_y_7729_z_125_top_2024_04_18_23_43_13_white.jpg,0.19444485,0.16061713,0.15878941,0.21531981,0.20025754,0.16181448
6943_x_1061_y_6372_z_125_top_2024_05_04_04_41_18_white.jpg,0.27863905,0.25025356,0.2469974,0.32421973,0.25464067,0.270805
6943_x_2053_y_14968_z_125_top_2024_03_22_23_17_16_white.jpg,0.33163375,0.33995518,0.34531733,0.27995968,0.29501715,0.2980723
6943_x_1404_y_13460_z_125_top_2024_06_08_00_14_08_white.jpg,0.50849026,0.53051096,0.522009,0.5052403,0.53272784,0.5205284
6943_x_1061_y_6976_z_125_top_2024_05_03_02_57_21_white.jpg,0.34010065,0.3090638,0.33139527,0.358624,0.32142004,0.3638714
6943_x_718_y_6976_z_125_top_2024_05_03_02_55_35_white.jpg,0.32065332,0.3088541,0.32132626,0.38086858,0.370783,0.40127555
6943_x_1404_y_14515_z_125_top_2024_05_25_00_49_27_white.jpg,0.54245543,0.5443939,0.5964792,0.54851454,0.54375803,0.5838516
6943_x_125_y_6674_z_125_top_2024_04_30_01_42_04_white.jpg,0.16797712,0.16599512,0.1510857,0.15465967,0.13749057,0.114412405
6943_x_375_y_6372_z_125_top_2024_05_06_04_40_59_white.jpg,0.40665495,0.42894715,0.4324441,0.35258982,0.33616742,0.38171777
6943_x_125_y_8031_z_125_top_2024_04_18_23_27_21_white.jpg,0.21617927,0.23163377,0.22712214,0.1831705,0.18397959,0.20459262
6943_x_1419_y_10595_z_125_top_2024_05_02_03_08_27_white.jpg,0.3741393,0.4126349,0.43117154,0.29669437,0.33751604,0.33185315
6943_x_1747_y_6825_z_125_top_2024_05_04_03_41_59_white.jpg,0.3424378,0.3732884,0.37342265,0.29654473,0.34061724,0.36208874
6943_x_1404_y_14515_z_125_top_2024_05_20_00_59_48_white.jpg,0.40802097,0.40460956,0.43330032,0.40439716,0.38237575,0.43961203
6943_x_2090_y_9991_z_125_top_2024_06_11_01_17_18_white.jpg,0.56000715,0.579653,0.6044208,0.65918076,0.5973837,0.7121759
6943_x_1404_y_10595_z_125_top_2024_05_04_01_51_22_white.jpg,0.41510576,0.45070568,0.4902842,0.41429484,0.44242954,0.4848074
6943_x_718_y_15269_z_125_top_2024_05_17_23_52_37_white.jpg,0.29870582,0.3032303,0.25692207,0.3073031,0.30494824,0.23621133
6943_x_2300_y_6825_z_125_top_2024_05_03_03_24_55_white.jpg,0.14331813,0.13118951,0.10822241,0.094296575,0.12134778,0.090103716
6943_x_2090_y_14515_z_125_top_2024_05_18_01_32_18_white.jpg,0.41249818,0.44011503,0.3773843,0.3828748,0.38436154,0.37345684
6943_x_1419_y_11198_z_125_top_2024_05_01_01_56_25_white.jpg,0.3978724,0.41431284,0.39846393,0.28715348,0.30618027,0.3060904
6943_x_725_y_14968_z_125_top_2024_05_01_23_52_24_white.jpg,0.53283155,0.5120263,0.5256229,0.5755869,0.5526654,0.5415662
6943_x_2300_y_6976_z_125_top_2024_05_03_03_04_32_white.jpg,0.2548654,0.17403145,0.064862385,0.24118468,0.1337069,0.0056729065
6943_x_1061_y_9388_z_125_top_2024_06_13_02_11_47_white.jpg,0.611041,0.57862914,0.58567566,0.6951494,0.6004314,0.56562424
6943_x_2090_y_6523_z_125_top_2024_05_05_02_59_35_white.jpg,0.2909678,0.28511235,0.27127087,0.28820357,0.29434395,0.2721068
6943_x_1061_y_6976_z_125_top_2024_05_08_02_18_05_white.jpg,0.5911401,0.51529926,0.5502763,0.6025902,0.5100473,0.5388203
6943_x_2113_y_10745_z_125_top_2024_05_02_02_49_52_white.jpg,0.29724616,0.29917026,0.33851144,0.31464654,0.30918047,0.30260158
6943_x_1747_y_14515_z_125_top_2024_05_18_01_30_31_white.jpg,0.36870193,0.36719605,0.3186811,0.37487152,0.381544,0.3333176
6943_x_2300_y_6825_z_125_top_2024_05_06_03_42_38_white.jpg,0.119650126,0.12565649,0.14071861,0.07996986,0.13679881,0.1482601
6943_x_2300_y_6523_z_125_top_2024_05_05_03_01_20_white.jpg,0.23981342,0.22364189,0.22364286,0.23938753,0.2164033,0.2536901
6943_x_1747_y_9539_z_125_top_2024_06_08_01_56_42_white.jpg,0.45836657,0.44243905,0.45980325,0.4694945,0.4409365,0.46340495
6943_x_1089_y_14968_z_125_top_2024_04_22_23_38_01_white.jpg,0.2185218,0.22964807,0.2146507,0.21623771,0.22257935,0.22785234
6943_x_718_y_9991_z_125_top_2024_06_11_01_09_16_white.jpg,0.6993512,0.68755203,0.67826086,0.7163235,0.6842447,0.64474934
6943_x_2090_y_11047_z_125_top_2024_05_06_01_01_02_white.jpg,0.43722588,0.44363794,0.45078644,0.38759306,0.39758542,0.38489622
6943_x_2090_y_15269_z_125_top_2024_05_21_23_54_12_white.jpg,0.46440458,0.47782207,0.4626142,0.49547112,0.45135218,0.49604553
6943_x_125_y_7729_z_125_top_2024_04_23_00_47_54_white.jpg,0.35517603,0.35219362,0.3300268,0.29125983,0.28519186,0.24201605
6943_x_1061_y_14214_z_125_top_2024_05_18_02_06_24_white.jpg,0.35523963,0.35999396,0.33381706,0.34025225,0.35341117,0.32379717
6943_x_2090_y_14214_z_125_top_2024_05_20_01_42_49_white.jpg,0.39251727,0.42173135,0.43964466,0.4272076,0.42800072,0.46792346
6943_x_725_y_10595_z_125_top_2024_05_01_03_17_58_white.jpg,0.32073897,0.32271,0.30094126,0.3059716,0.29862222,0.29576087
6943_x_2090_y_6523_z_125_top_2024_05_05_02_59_30_white.jpg,0.27684468,0.27838123,0.26570562,0.28767222,0.29409444,0.27262998
6943_x_2300_y_10896_z_125_top_2024_05_03_00_49_37_white.jpg,0.3963915,0.31310624,0.33289883,0.4133896,0.30823138,0.36337608
6943_x_2300_y_13611_z_125_top_2024_06_03_23_55_55_white.jpg,0.27976018,0.21966557,0.11493842,0.28750214,0.12651384,6.12665e-05
6943_x_2090_y_14214_z_125_top_2024_05_20_01_42_58_white.jpg,0.4023059,0.43053362,0.44978073,0.42584637,0.42656597,0.4650146
6943_x_1089_y_14214_z_125_top_2024_04_24_00_08_38_white.jpg,0.2829709,0.2589525,0.27687186,0.2392312,0.2502573,0.2628953
6943_x_125_y_7880_z_125_top_2024_04_23_00_39_59_white.jpg,0.3911528,0.34269544,0.33856592,0.36738142,0.3449018,0.3229662
6943_x_2090_y_6372_z_125_top_2024_05_03_04_01_05_white.jpg,0.34844226,0.36880326,0.32842958,0.30649254,0.32171708,0.28364384
6943_x_1061_y_10595_z_125_top_2024_05_04_01_49_39_white.jpg,0.46857905,0.46775723,0.4602909,0.49241224,0.48959842,0.46085998
6943_x_1404_y_6825_z_125_top_2024_05_06_03_37_13_white.jpg,0.3706327,0.3761052,0.36476853,0.38162348,0.40446472,0.37053052
6943_x_1747_y_15269_z_125_top_2024_05_26_23_53_23_white.jpg,0.5780811,0.59170747,0.63628006,0.782143,0.78813154,0.83227164
6943_x_375_y_6825_z_125_top_2024_05_03_03_14_14_white.jpg,0.23936166,0.25532493,0.26419935,0.3930079,0.40187186,0.39816615
6943_x_1747_y_9841_z_125_top_2024_06_10_23_12_37_white.jpg,0.5723659,0.5852331,0.61950344,0.595471,0.6686318,0.7241125
6943_x_1404_y_6372_z_125_top_2024_05_05_03_15_46_white.jpg,0.2636847,0.28422004,0.2849547,0.32347488,0.31992623,0.31491798
6943_x_1404_y_13309_z_125_top_2024_06_12_00_34_17_white.jpg,0.6652222,0.66200846,0.7067369,0.66441107,0.65478665,0.8831477
6943_x_2300_y_13158_z_125_top_2024_06_04_00_55_22_white.jpg,0.34800076,0.366754,0.3370115,0.3417917,0.35684136,0.3406822
6943_x_718_y_14515_z_125_top_2024_05_23_00_46_14_white.jpg,0.5820887,0.5401872,0.5274438,0.571638,0.56247884,0.5377866
6943_x_1404_y_9991_z_125_top_2024_06_09_01_15_19_white.jpg,0.4919088,0.5067378,0.5626492,0.48011068,0.50424075,0.55043423
6943_x_2113_y_11349_z_125_top_2024_05_01_01_39_58_white.jpg,0.36223555,0.33042893,0.3353436,0.31671885,0.31358126,0.32320902
6943_x_1061_y_14214_z_125_top_2024_05_23_01_29_54_white.jpg,0.5114109,0.51351416,0.5272459,0.5019958,0.52110577,0.5122919
6943_x_1404_y_9690_z_125_top_2024_06_11_01_34_23_white.jpg,0.54447484,0.5901114,0.7190729,0.54474276,0.57484317,0.78374857
6943_x_1747_y_6976_z_125_top_2024_05_03_03_01_04_white.jpg,0.3505063,0.38005424,0.3827117,0.32515246,0.36329475,0.37246096
6943_x_1747_y_14365_z_125_top_2024_05_23_01_12_18_white.jpg,0.55580264,0.5213839,0.55016834,0.5633548,0.51237804,0.52154094
6943_x_2053_y_14666_z_125_top_2024_04_29_23_32_57_white.jpg,0.34099537,0.34583783,0.31788263,0.2978844,0.31120747,0.26651224
6943_x_1747_y_15269_z_125_top_2024_05_23_23_52_13_white.jpg,0.621971,0.6096862,0.6073391,0.60893667,0.5693392,0.5896314
6943_x_1404_y_13761_z_125_top_2024_06_10_23_31_11_white.jpg,0.5835598,0.5721822,0.5863683,0.6314133,0.64287907,0.6848399
6943_x_725_y_11198_z_125_top_2024_05_01_01_52_48_white.jpg,0.38580263,0.39115894,0.4072124,0.31035417,0.31508544,0.33431756
6943_x_1072_y_10595_z_125_top_2024_05_01_03_20_00_white.jpg,0.30539536,0.28528225,0.29058352,0.3120288,0.29098618,0.29817924
6943_x_1766_y_14365_z_125_top_2024_05_02_01_00_50_white.jpg,0.41832876,0.40350217,0.43224436,0.4275377,0.4197706,0.43411142
6943_x_2090_y_14214_z_125_top_2024_05_23_01_36_21_white.jpg,0.505549,0.5311309,0.5790261,0.4980057,0.50599295,0.57007366
6943_x_2090_y_11047_z_125_top_2024_05_04_00_51_37_white.jpg,0.44957823,0.43080977,0.4542892,0.43850812,0.4271222,0.4478986
6943_x_2113_y_11349_z_125_top_2024_05_02_01_43_22_white.jpg,0.37846816,0.35884666,0.36236832,0.34518734,0.3412429,0.35221258
6943_x_2053_y_14214_z_125_top_2024_04_23_00_04_44_white.jpg,0.22139697,0.23395805,0.23005132,0.20935395,0.21862115,0.21863267
6943_x_378_y_7126_z_125_top_2024_05_01_04_51_21_white.jpg,0.18833123,0.1993262,0.21006548,0.1685111,0.15074715,0.16228086
6943_x_2053_y_14515_z_125_top_2024_04_22_23_56_37_white.jpg,0.253658,0.24722926,0.24162246,0.21727477,0.21812285,0.23031525
6943_x_375_y_14214_z_125_top_2024_05_23_01_25_30_white.jpg,0.5146277,0.5373178,0.56076664,0.5174561,0.54249036,0.5804964
6943_x_375_y_14365_z_125_top_2024_05_24_01_04_22_white.jpg,0.5748238,0.5601978,0.602535,0.5584564,0.56788033,0.6429084
6943_x_2053_y_8785_z_125_top_2024_03_23_00_57_39_white.jpg,0.2690186,0.24994956,0.2656156,0.26985073,0.2314136,0.25929618
6943_x_1061_y_14063_z_125_top_2024_05_25_01_46_47_white.jpg,0.40935498,0.42635688,0.42843375,0.54782873,0.5523654,0.5870597
6943_x_1089_y_11198_z_125_top_2024_04_30_00_15_04_white.jpg,0.3061251,0.2937942,0.31034943,0.28571242,0.2816458,0.27225682
6943_x_1089_y_9388_z_125_top_2024_04_23_00_18_29_white.jpg,0.471929,0.4532015,0.4739105,0.32615575,0.31653097,0.31720787
6943_x_1747_y_6976_z_125_top_2024_05_08_02_21_33_white.jpg,0.49306464,0.54842275,0.56254256,0.48190075,0.5404552,0.5516395
6943_x_2090_y_14365_z_125_top_2024_05_25_01_12_32_white.jpg,0.6119391,0.5815892,0.60504895,0.62048227,0.59516877,0.5979098
6943_x_125_y_6222_z_125_top_2024_03_22_23_02_27_white.jpg,0.42421222,0.46725821,0.5082833,0.44785294,0.48863006,0.5488305
6943_x_2090_y_13761_z_125_top_2024_06_03_23_34_25_white.jpg,0.3466857,0.35515305,0.3421895,0.35329792,0.35086954,0.35428783
6943_x_1747_y_9388_z_125_top_2024_06_11_23_15_28_white.jpg,0.5513366,0.53442174,0.55638564,0.6088004,0.50762564,0.64281034
6943_x_375_y_13460_z_125_top_2024_06_09_00_09_18_white.jpg,0.5882667,0.5853806,0.6115509,0.68505156,0.7856018,0.8579701
6943_x_2090_y_15269_z_125_top_2024_05_21_23_54_07_white.jpg,0.4683439,0.4722252,0.46466878,0.4954581,0.45132804,0.49586508
6943_x_1089_y_8333_z_125_top_2024_04_23_00_26_26_white.jpg,0.27242783,0.29053116,0.3463623,0.27215508,0.2756313,0.33465323
6943_x_1089_y_7880_z_125_top_2024_04_19_23_54_26_white.jpg,0.2792601,0.28299072,0.27628183,0.24929637,0.25922415,0.24526577
6943_x_375_y_11047_z_125_top_2024_05_06_00_50_53_white.jpg,0.60914844,0.6123979,0.66568744,0.590511,0.5955616,0.6418832
6943_x_1061_y_7126_z_125_top_2024_05_04_02_50_53_white.jpg,0.41498905,0.40616077,0.37539783,0.3930309,0.36344144,0.35016665
6943_x_1766_y_11198_z_125_top_2024_05_01_01_58_04_white.jpg,0.32263243,0.31609178,0.34748977,0.3078196,0.31059036,0.3373404
6943_x_1404_y_11349_z_125_top_2024_05_06_00_16_00_white.jpg,0.5536026,0.590154,0.6060174,0.553085,0.6061633,0.607558
6943_x_718_y_14365_z_125_top_2024_05_20_01_16_02_white.jpg,0.38819957,0.4189554,0.43517366,0.4001497,0.40370056,0.478191
6943_x_125_y_7880_z_125_top_2024_04_18_23_35_28_white.jpg,0.24312048,0.20931493,0.21203203,0.22285894,0.17034984,0.1451255
6943_x_1766_y_14214_z_125_top_2024_05_01_01_15_34_white.jpg,0.4035679,0.38291356,0.41874123,0.36753476,0.34933046,0.41024643
6943_x_1766_y_14515_z_125_top_2024_05_01_00_36_21_white.jpg,0.4166929,0.4435872,0.43376753,0.41856754,0.44113553,0.4048977
6943_x_2090_y_9690_z_125_top_2024_06_03_23_14_14_white.jpg,0.3362329,0.34770262,0.3428756,0.33498964,0.34452826,0.34318337
6943_x_2300_y_11349_z_125_top_2024_05_04_00_07_34_white.jpg,0.46642917,0.43797234,0.4490954,0.49530217,0.43352658,0.44743037
6943_x_1419_y_11198_z_125_top_2024_05_01_01_56_20_white.jpg,0.39758438,0.41044763,0.39800838,0.2872686,0.30587393,0.3060956
6943_x_375_y_11198_z_125_top_2024_05_04_00_23_06_white.jpg,0.48898858,0.48340696,0.5076882,0.5206253,0.5028357,0.51369584
6943_x_375_y_14515_z_125_top_2024_05_18_23_05_45_white.jpg,0.38018405,0.39682728,0.38273028,0.36502767,0.4004323,0.37495545
6943_x_375_y_9539_z_125_top_2024_06_09_02_09_59_white.jpg,0.53077745,0.51175755,0.5738165,0.59253806,0.55300814,0.6277199
6943_x_2300_y_10595_z_125_top_2024_05_02_03_14_06_white.jpg,0.30614114,0.28575182,0.2516699,0.30688798,0.29702482,0.24557841
6943_x_375_y_14063_z_125_top_2024_05_19_01_47_27_white.jpg,0.34377635,0.3376698,0.34299818,0.36126554,0.38556346,0.36062688
6943_x_1747_y_9539_z_125_top_2024_06_09_02_17_08_white.jpg,0.49793524,0.4727831,0.504537,0.5176518,0.49172792,0.50695246
6943_x_2090_y_6674_z_125_top_2024_05_06_04_07_57_white.jpg,0.23005632,0.25074285,0.24106382,0.22889091,0.25814214,0.27520245
6943_x_2090_y_10745_z_125_top_2024_05_04_01_34_24_white.jpg,0.4553085,0.47988576,0.4497007,0.49575293,0.4837124,0.4393484
6943_x_2090_y_14214_z_125_top_2024_05_27_01_34_48_white.jpg,0.59107476,0.5838076,0.6009527,0.71126586,0.8832914,0.75750977
6943_x_718_y_9991_z_125_top_2024_06_08_00_51_00_white.jpg,0.49228102,0.5106671,0.5210113,0.4795886,0.49200863,0.48898205
6943_x_1747_y_13761_z_125_top_2024_06_03_23_32_49_white.jpg,0.32948005,0.3320181,0.3408591,0.33693382,0.35325077,0.34341693
6943_x_125_y_7880_z_125_top_2024_04_19_23_52_16_white.jpg,0.27739865,0.24362348,0.24903539,0.27186137,0.24093664,0.2040854
6943_x_125_y_8031_z_125_top_2024_04_19_23_44_05_white.jpg,0.24473388,0.2629477,0.25996822,0.22139597,0.23592727,0.25087184
6943_x_375_y_10595_z_125_top_2024_05_03_01_14_00_white.jpg,0.42535794,0.4614421,0.46085283,0.40898767,0.42521366,0.44659567
6943_x_1747_y_14063_z_125_top_2024_05_24_01_51_25_white.jpg,0.5533785,0.5095226,0.56771827,0.53373593,0.47622043,0.5319848
6943_x_1061_y_10595_z_125_top_2024_05_03_01_17_49_white.jpg,0.45478076,0.4350207,0.42643175,0.44536105,0.43119624,0.42010552
6943_x_2090_y_13158_z_125_top_2024_06_09_00_58_42_white.jpg,0.4953434,0.50942063,0.5319456,0.5979696,0.5705638,0.5873486
6943_x_1419_y_11349_z_125_top_2024_05_01_01_36_22_white.jpg,0.33051884,0.34243697,0.35207632,0.2931264,0.2746061,0.297186
6943_x_1061_y_13761_z_125_top_2024_06_03_23_29_00_white.jpg,0.36877477,0.3741184,0.3811175,0.35492167,0.35927606,0.35998896
6943_x_2090_y_14214_z_125_top_2024_05_22_01_52_48_white.jpg,0.46051234,0.45312026,0.5212189,0.47790247,0.47211966,0.51561517
6943_x_1072_y_14968_z_125_top_2024_05_01_23_54_13_white.jpg,0.52605927,0.4957559,0.5428033,0.526746,0.48615563,0.5246154
6943_x_375_y_9539_z_125_top_2024_06_09_02_10_04_white.jpg,0.54822814,0.5333569,0.592886,0.59155256,0.55279726,0.62741876
6943_x_375_y_11198_z_125_top_2024_05_06_00_31_28_white.jpg,0.6137093,0.5887593,0.62028843,0.634754,0.5963432,0.6013359
6943_x_378_y_7126_z_125_top_2024_05_01_04_51_34_white.jpg,0.17004994,0.17656146,0.17888016,0.16869973,0.15419553,0.15978117
6943_x_375_y_9991_z_125_top_2024_06_04_01_04_34_white.jpg,0.334198,0.34550726,0.32870382,0.3203607,0.3490052,0.3236271
6943_x_375_y_13309_z_125_top_2024_06_04_00_24_40_white.jpg,0.35699278,0.36513954,0.37775466,0.35360575,0.37437767,0.37612915
6943_x_1089_y_6523_z_125_top_2024_04_30_01_55_18_white.jpg,0.18706882,0.18262447,0.16024348,0.123809576,0.1383353,0.13552967
6943_x_125_y_8031_z_125_top_2024_04_23_00_32_01_white.jpg,0.35776508,0.37734133,0.38717017,0.3111707,0.34413803,0.35825235
6943_x_1061_y_14515_z_125_top_2024_05_23_00_48_07_white.jpg,0.49792612,0.48917866,0.5011822,0.47457626,0.46956873,0.49193808
6943_x_2090_y_9539_z_125_top_2024_06_09_02_19_05_white.jpg,0.4823414,0.46460253,0.49090895,0.5508378,0.51133543,0.5822007
6943_x_718_y_9991_z_125_top_2024_06_04_01_06_23_white.jpg,0.31088156,0.32370603,0.3367704,0.3507496,0.35455146,0.3577143
6943_x_375_y_6976_z_125_top_2024_05_08_02_14_27_white.jpg,0.59016716,0.61592686,0.6561631,0.5868113,0.61867654,0.6815564
6943_x_725_y_6976_z_125_top_2024_05_02_04_56_45_white.jpg,0.23003417,0.21874349,0.20873939,0.24840373,0.257365,0.26061842
6943_x_1747_y_15269_z_125_top_2024_05_19_23_41_53_white.jpg,0.45456874,0.45464116,0.4559701,0.46285838,0.4438717,0.4637347
6943_x_1404_y_15269_z_125_top_2024_05_17_23_57_44_white.jpg,0.3889677,0.3733505,0.363346,0.4209807,0.40048835,0.38707098
6943_x_1419_y_15119_z_125_top_2024_04_30_23_30_50_white.jpg,0.4740873,0.5105822,0.5055968,0.44487426,0.48304293,0.49290347
6943_x_1089_y_9087_z_125_top_2024_03_23_00_34_20_white.jpg,0.25877547,0.26160994,0.2731756,0.25984275,0.25700146,0.2715617
6943_x_1061_y_6523_z_125_top_2024_05_08_03_05_40_white.jpg,0.44793427,0.44174296,0.46262273,0.45827898,0.4322801,0.47080484
6943_x_1089_y_14365_z_125_top_2024_04_24_00_00_15_white.jpg,0.20347847,0.18807238,0.19549683,0.19211133,0.21624476,0.23199211
6943_x_1089_y_8785_z_125_top_2024_03_23_00_54_37_white.jpg,0.1958491,0.19357397,0.18716279,0.25266418,0.2270607,0.21658005
6943_x_1747_y_13460_z_125_top_2024_06_09_00_16_26_white.jpg,0.53086805,0.59331733,0.61440176,0.50438297,0.5596747,0.58411443
6943_x_375_y_14515_z_125_top_2024_05_18_01_23_24_white.jpg,0.35753113,0.37447768,0.34994,0.38155887,0.39328638,0.3719664
6943_x_1089_y_10745_z_125_top_2024_04_30_00_39_14_white.jpg,0.32587314,0.32967925,0.34226358,0.25114068,0.2582071,0.25502497
6943_x_1061_y_9539_z_125_top_2024_06_04_01_48_32_white.jpg,0.32199776,0.32808137,0.33281335,0.33481959,0.35538507,0.34834573
6943_x_2053_y_8634_z_125_top_2024_03_23_01_07_09_white.jpg,0.26391152,0.28287852,0.3150357,0.20509908,0.2510263,0.2669749
6943_x_1766_y_10745_z_125_top_2024_05_01_03_03_02_white.jpg,0.30904323,0.29467046,0.30804324,0.3067012,0.28870744,0.32801008
6943_x_1089_y_14968_z_125_top_2024_03_22_23_14_11_white.jpg,0.1713196,0.16574536,0.1683202,0.21582407,0.21987619,0.21494108
6943_x_2090_y_14515_z_125_top_2024_05_22_01_13_16_white.jpg,0.40513122,0.42743924,0.42174384,0.45266625,0.4665938,0.4468693
6943_x_375_y_13761_z_125_top_2024_06_07_23_28_20_white.jpg,0.5880795,0.56369233,0.61809367,0.61278903,0.575291,0.63091165
6943_x_2300_y_11047_z_125_top_2024_05_06_01_02_45_white.jpg,0.4642008,0.41870674,0.3559583,0.42620432,0.3654387,0.30721325
6943_x_718_y_15269_z_125_top_2024_05_21_23_47_05_white.jpg,0.5037004,0.49233848,0.47808287,0.4889145,0.45719698,0.43726978
6943_x_1061_y_14063_z_125_top_2024_05_23_01_52_31_white.jpg,0.47185862,0.4922756,0.48806062,0.46551847,0.47528175,0.47908658
6943_x_2090_y_6976_z_125_top_2024_05_06_03_11_11_white.jpg,0.45245898,0.40930384,0.36250523,0.47384924,0.4095569,0.36663952
6943_x_718_y_6372_z_125_top_2024_05_04_04_38_30_white.jpg,0.38793743,0.39380562,0.38680276,0.37913197,0.36545542,0.37978658
6943_x_2300_y_10595_z_125_top_2024_05_04_01_56_41_white.jpg,0.50126463,0.47423887,0.43936843,0.4502854,0.432641,0.3882833
6943_x_375_y_9991_z_125_top_2024_06_12_01_09_02_white.jpg,0.6496275,0.66172814,0.69842106,0.81184167,0.83508986,0.8863625
6943_x_2053_y_14666_z_125_top_2024_03_22_23_26_44_white.jpg,0.2753592,0.28868997,0.30790854,0.25063977,0.28950092,0.3195464
6943_x_1419_y_11349_z_125_top_2024_05_02_01_39_47_white.jpg,0.3347453,0.3256232,0.34806702,0.3147186,0.3005898,0.3196318
6943_x_1061_y_9841_z_125_top_2024_06_09_01_33_30_white.jpg,0.57506746,0.581598,0.6052909,0.56096053,0.5833533,0.5069981
6943_x_718_y_13460_z_125_top_2024_06_04_00_06_27_white.jpg,0.32282293,0.3327847,0.33292753,0.31655213,0.33624986,0.35268933
6943_x_1061_y_14214_z_125_top_2024_05_24_01_27_52_white.jpg,0.53384376,0.5343926,0.5575149,0.58725464,0.56206703,0.56349254
6943_x_1766_y_15119_z_125_top_2024_04_30_23_32_33_white.jpg,0.4571265,0.4550751,0.45976397,0.4571877,0.4474545,0.39389497
6943_x_2090_y_14515_z_125_top_2024_05_27_00_54_54_white.jpg,0.63560253,0.6459598,0.7097364,0.6928632,0.66377056,0.7661944
6943_x_718_y_14214_z_125_top_2024_05_18_02_04_36_white.jpg,0.3408879,0.34041962,0.33850652,0.3321773,0.3195126,0.3242535
6943_x_1747_y_6976_z_125_top_2024_05_06_03_09_26_white.jpg,0.38748175,0.38289255,0.39793962,0.3936859,0.44810283,0.4571866
6943_x_1766_y_10595_z_125_top_2024_05_02_03_10_03_white.jpg,0.34564704,0.34907508,0.35956368,0.31798577,0.31348324,0.3234407
6943_x_2090_y_14063_z_125_top_2024_05_19_01_56_39_white.jpg,0.29416546,0.30944413,0.2598295,0.31155613,0.35650012,0.31277812
6943_x_375_y_6825_z_125_top_2024_05_07_23_05_01_white.jpg,0.50167006,0.51609933,0.55119926,0.5124152,0.52392846,0.5530509
6943_x_2300_y_15269_z_125_top_2024_05_19_23_45_33_white.jpg,0.381266,0.3748055,0.17765369,0.38222572,0.3859938,0.14689961
6943_x_1089_y_14968_z_125_top_2024_04_29_23_22_23_white.jpg,0.43726397,0.43548012,0.46070632,0.37835443,0.3446096,0.35858318
6943_x_125_y_14666_z_125_top_2024_04_23_23_03_38_white.jpg,0.2540874,0.26169425,0.23769352,0.21622694,0.23833077,0.23067358
6943_x_1747_y_14214_z_125_top_2024_05_25_01_30_38_white.jpg,0.58986527,0.67358875,0.713397,0.59759384,0.6622437,0.7130006
6943_x_725_y_6372_z_125_top_2024_04_30_23_06_56_white.jpg,0.23516361,0.25204396,0.26009738,0.1877536,0.2164048,0.18918873
6943_x_2090_y_14063_z_125_top_2024_05_18_02_31_28_white.jpg,0.33281732,0.3517806,0.30117112,0.33725688,0.35718557,0.3130566
6943_x_125_y_7729_z_125_top_2024_04_18_23_43_18_white.jpg,0.21000242,0.17643073,0.17178525,0.21447769,0.19838205,0.14397517
6943_x_2300_y_14365_z_125_top_2024_05_22_01_34_42_white.jpg,0.43508118,0.43853807,0.4207832,0.42200032,0.44377592,0.43955225
6943_x_375_y_14515_z_125_top_2024_05_20_00_54_30_white.jpg,0.37560987,0.4069358,0.40987188,0.41366065,0.43661776,0.44709432
6943_x_2300_y_14515_z_125_top_2024_05_26_00_59_13_white.jpg,0.598064,0.5660913,0.47582898,0.5868217,0.5539717,0.41526064
6943_x_1747_y_13761_z_125_top_2024_06_07_23_35_44_white.jpg,0.55579185,0.5977666,0.59572077,0.56701773,0.61644536,0.60212904
6943_x_375_y_14214_z_125_top_2024_05_24_01_24_06_white.jpg,0.5771033,0.57186437,0.5889583,0.6015204,0.64282185,0.6610748
6943_x_1747_y_15269_z_125_top_2024_05_23_23_52_18_white.jpg,0.61093324,0.60060644,0.5964448,0.60882676,0.568881,0.5895408
6943_x_1747_y_15269_z_125_top_2024_05_22_23_52_01_white.jpg,0.5152225,0.5049064,0.50803155,0.5415175,0.51978165,0.53490335
6943_x_1747_y_13158_z_125_top_2024_06_09_00_56_45_white.jpg,0.5450535,0.5482652,0.5761602,0.59653,0.63755333,0.5543694
6943_x_375_y_13460_z_125_top_2024_06_08_00_08_45_white.jpg,0.6276701,0.6651863,0.7425434,0.62446237,0.6725811,0.7637029
6943_x_2053_y_8483_z_125_top_2024_03_23_01_16_55_white.jpg,0.1774471,0.16627906,0.18469898,0.21382344,0.3152325,0.3229762
6943_x_1061_y_7126_z_125_top_2024_05_08_01_58_14_white.jpg,0.6290252,0.56281173,0.5603485,0.6811784,0.58420545,0.5521853
6943_x_2300_y_9690_z_125_top_2024_06_08_01_40_06_white.jpg,0.45053226,0.45156974,0.49035946,0.44934484,0.44961888,0.5174658
6943_x_1089_y_11047_z_125_top_2024_04_30_00_23_02_white.jpg,0.31655353,0.3077176,0.3025974,0.23549469,0.26401925,0.27319884
6943_x_2053_y_7729_z_125_top_2024_04_20_00_05_04_white.jpg,0.23252411,0.23782273,0.24046351,0.23882239,0.2507226,0.25685924
6943_x_1061_y_14365_z_125_top_2024_05_25_01_07_24_white.jpg,0.57485795,0.5686885,0.60915935,0.7101486,0.6220336,0.63672197
6943_x_2053_y_6825_z_125_top_2024_04_30_01_39_01_white.jpg,0.15785052,0.15917243,0.14455616,0.14022528,0.15829593,0.15894423
